Date,Link,Message
2025-12-28 10:08:09,https://www.linkedin.com/feed/update/urn%3Ali%3Aactivity%3A7410984476656357376,This is great
2025-12-27 20:50:17,https://www.linkedin.com/feed/update/urn%3Ali%3AugcPost%3A7410704402459574274,Well done
2025-12-27 20:43:22,https://www.linkedin.com/feed/update/urn%3Ali%3AugcPost%3A7407453583396229120,Thank you Mahmoud
2025-12-27 18:51:57,https://www.linkedin.com/feed/update/urn%3Ali%3Aactivity%3A7410339812362113024,"Great achievement. 
Keep growing and pushing forward.

 Daniel Alejandro Villacis"
2025-12-26 19:12:19,https://www.linkedin.com/feed/update/urn%3Ali%3Aactivity%3A7410389027914321921,"This is great.
Exciting contribution to vision-based autonomy in agriculture"
2025-12-26 19:11:09,https://www.linkedin.com/feed/update/urn%3Ali%3AugcPost%3A7407453583396229120,"Is-Haq Mohamed Nasir 
Thank you"
2025-12-26 19:10:26,https://www.linkedin.com/feed/update/urn%3Ali%3AugcPost%3A7402892528980508672,Congratulations 🎉
2025-12-26 19:10:05,https://www.linkedin.com/feed/update/urn%3Ali%3AugcPost%3A7409817742284853248,Congratulations 🎉
2025-12-26 19:09:53,https://www.linkedin.com/feed/update/urn%3Ali%3AugcPost%3A7410037131370307584,Well done 🎉
2025-12-26 19:09:37,https://www.linkedin.com/feed/update/urn%3Ali%3Aactivity%3A7410194716404674561,Congratulations 🎉
2025-12-26 19:09:07,https://www.linkedin.com/feed/update/urn%3Ali%3Aactivity%3A7410196792723726337,"Nice visualization and great insights
Well done


Pratik raj Chaudhary"
2025-12-26 19:08:35,https://www.linkedin.com/feed/update/urn%3Ali%3AugcPost%3A7409913535998148609,"Well done  Gyanankur Baruah 
Solid hands-on work connecting APIs to real applications."
2025-12-26 19:07:28,https://www.linkedin.com/feed/update/urn%3Ali%3Aactivity%3A7410137497449533440,Congratulations 🎉
2025-12-26 19:07:08,https://www.linkedin.com/feed/update/urn%3Ali%3AugcPost%3A7410248294041276416,Congratulations on completing this milestone.
2025-12-26 19:05:22,https://www.linkedin.com/feed/update/urn%3Ali%3AugcPost%3A7410161018288369666,"This is Great

Emmanuel Idowu"
2025-12-26 19:04:58,https://www.linkedin.com/feed/update/urn%3Ali%3AugcPost%3A7410328346770796544,Well done Igboejesi Chidera
2025-12-26 19:04:40,https://www.linkedin.com/feed/update/urn%3Ali%3AugcPost%3A7410283233034248192,Well done Gyanankur Baruah
2025-12-26 19:04:07,https://www.linkedin.com/feed/update/urn%3Ali%3AugcPost%3A7409659979433119745,"Well done  Gabriel Agana Anongwin 
This is great work with real impact in agriculture."
2025-12-25 17:03:43,https://www.linkedin.com/feed/update/urn%3Ali%3AugcPost%3A7409261735523717121,"Great insights and clean visualizations. 
Well done Rojina Akter"
2025-12-25 17:01:59,https://www.linkedin.com/feed/update/urn%3Ali%3AugcPost%3A7409873439920111617,"Congratulations on this great achievement.
Well done"
2025-12-25 16:59:55,https://www.linkedin.com/feed/update/urn%3Ali%3Aactivity%3A7409874223101538305,Congratulations on this great achievement.
2025-12-25 16:59:25,https://www.linkedin.com/feed/update/urn%3Ali%3Aactivity%3A7409573931847847938,Congratulations on this great achievement.
2025-12-25 16:58:18,https://www.linkedin.com/feed/update/urn%3Ali%3Aactivity%3A7409606073298612224,Well done Brian Spurgeon
2025-12-25 16:57:56,https://www.linkedin.com/feed/update/urn%3Ali%3Aactivity%3A7409495955504558080,Well done Nyamekye Samuel Asamoah
2025-12-25 16:57:34,https://www.linkedin.com/feed/update/urn%3Ali%3Aactivity%3A7409198111316799488,"Great insights with clean, clear visualizations.
Well done Sabreen Mohammed"
2025-12-25 16:19:06,https://www.linkedin.com/feed/update/urn%3Ali%3AugcPost%3A7409909985008164864,Well done 👍
2025-12-25 16:18:04,https://www.linkedin.com/feed/update/urn%3Ali%3Aactivity%3A7409914111922270208,Congratulations 🎉
2025-12-25 16:15:29,https://www.linkedin.com/feed/update/urn%3Ali%3AugcPost%3A7409399442987966464,"Congratulations 🎉
Brittany Moccia"
2025-12-25 15:36:12,https://www.linkedin.com/feed/update/urn%3Ali%3Aactivity%3A7409596083515006976,"Well done Dr Thelma Frimpong Mensah,CCML 
Keep it up"
2025-12-25 15:35:37,https://www.linkedin.com/feed/update/urn%3Ali%3AugcPost%3A7409744960394076161,"Congratulations 🎉 

 Caitlin Ruffin"
2025-12-25 15:35:09,https://www.linkedin.com/feed/update/urn%3Ali%3AugcPost%3A7409897253936566272,"Congratulations 🎉 

 Aishat Salawudeen"
2025-12-25 15:32:03,https://www.linkedin.com/feed/update/urn%3Ali%3Aactivity%3A7409889638485581824,Congratulations 🎉
2025-12-25 09:58:18,https://www.linkedin.com/feed/update/urn%3Ali%3Aactivity%3A7406241142326874112,Aliyas . Thank you
2025-12-24 09:58:46,https://www.linkedin.com/feed/update/urn%3Ali%3AugcPost%3A7408876508280221698,Thank you malagari
2025-12-23 23:19:03,https://www.linkedin.com/feed/update/urn%3Ali%3AugcPost%3A7409317438753841152,Well done 🎉
2025-12-23 23:07:57,https://www.linkedin.com/feed/update/urn%3Ali%3AugcPost%3A7408477191711420416,Great work
2025-12-23 14:54:52,https://www.linkedin.com/feed/update/urn%3Ali%3Aactivity%3A7408980159762141185,"Congratulations  Claire Zhang 
Wishing you continued growth and impact in this next chapter at Google."
2025-12-23 12:13:18,https://www.linkedin.com/feed/update/urn%3Ali%3Aactivity%3A7407085530552827905,Well done
2025-12-23 12:12:17,https://www.linkedin.com/feed/update/urn%3Ali%3AugcPost%3A7409000099374112768,This is clean
2025-12-23 12:10:54,https://www.linkedin.com/feed/update/urn%3Ali%3Aactivity%3A7408873720762740736,Great perspective. Focusing on one thing at a time really makes a difference. Thanks for sharing.
2025-12-23 12:09:40,https://www.linkedin.com/feed/update/urn%3Ali%3AugcPost%3A7400369752830894081,Congratulations on completing the IBM System and Network Security certification.
2025-12-23 12:07:31,https://www.linkedin.com/feed/update/urn%3Ali%3AugcPost%3A7408462518743916544,Congratulations 🎉
2025-12-23 12:07:16,https://www.linkedin.com/feed/update/urn%3Ali%3Aactivity%3A7408960200646381568,Congratulations 🎉
2025-12-23 12:06:58,https://www.linkedin.com/feed/update/urn%3Ali%3Aactivity%3A7409164813869821952,Nice viz
2025-12-23 12:06:21,https://www.linkedin.com/feed/update/urn%3Ali%3AugcPost%3A7408982465555374080,All the best🎉
2025-12-23 12:06:05,https://www.linkedin.com/feed/update/urn%3Ali%3AugcPost%3A7408892891810410496,Congratulations 🎉
2025-12-23 12:05:51,https://www.linkedin.com/feed/update/urn%3Ali%3AugcPost%3A7409156851474321408,Congratulations on your graduation. Well deserved.
2025-12-23 12:04:41,https://www.linkedin.com/feed/update/urn%3Ali%3AugcPost%3A7409056224765255680,Congratulations
2025-12-23 12:04:25,https://www.linkedin.com/feed/update/urn%3Ali%3AugcPost%3A7409155985895796736,Congratulations 🎉
2025-12-23 12:04:13,https://www.linkedin.com/feed/update/urn%3Ali%3AugcPost%3A7409001975201185792,Thank you for sharing these insights. This is a very clear and balanced perspective on how AI is reshaping jobs.
2025-12-23 09:30:20,https://www.linkedin.com/feed/update/urn%3Ali%3Aactivity%3A7409121738980098048,Well done 🎉
2025-12-23 07:11:02,https://www.linkedin.com/feed/update/urn%3Ali%3AugcPost%3A7408876508280221698,Shiju Abraham Thank you
2025-12-23 07:10:46,https://www.linkedin.com/feed/update/urn%3Ali%3AugcPost%3A7408876508280221698,Thank you Rofee'ah
2025-12-23 05:33:02,https://www.linkedin.com/feed/update/urn%3Ali%3AugcPost%3A7408788103672307713,Congratulations 🎉
2025-12-23 02:04:42,https://www.linkedin.com/feed/update/urn%3Ali%3AugcPost%3A7408909126673633280,Well done 🎉
2025-12-23 02:03:58,https://www.linkedin.com/feed/update/urn%3Ali%3AugcPost%3A7408998084342517760,Well done 🎉
2025-12-23 02:03:26,https://www.linkedin.com/feed/update/urn%3Ali%3Aactivity%3A7408791148082900992,Congratulations 🎉
2025-12-23 02:02:59,https://www.linkedin.com/feed/update/urn%3Ali%3AugcPost%3A7408948300772556801,Congratulations 🎉
2025-12-22 22:27:51,https://www.linkedin.com/feed/update/urn%3Ali%3Aactivity%3A7406343503099609088,"Wishing all participants a successful and impactful conference, especially my friend  Christopher Oates  Best of luck with the presentations."
2025-12-22 22:24:37,https://www.linkedin.com/feed/update/urn%3Ali%3AugcPost%3A7401833729746345984,Well done 🎉
2025-12-22 22:22:48,https://www.linkedin.com/feed/update/urn%3Ali%3Aactivity%3A7408855681635811328,Well done 👍
2025-12-22 22:22:28,https://www.linkedin.com/feed/update/urn%3Ali%3AugcPost%3A7408883577695666176,Congratulations 🎉
2025-12-22 22:22:09,https://www.linkedin.com/feed/update/urn%3Ali%3AugcPost%3A7408809369875968000,Congratulations 🎉 Wishing you continued success.
2025-12-22 22:21:45,https://www.linkedin.com/feed/update/urn%3Ali%3Aactivity%3A7408817420133470208,Well done 🎉
2025-12-22 22:21:18,https://www.linkedin.com/feed/update/urn%3Ali%3AugcPost%3A7408804096599584769,Well done
2025-12-22 22:20:39,https://www.linkedin.com/feed/update/urn%3Ali%3AugcPost%3A7408411055468703744,Congratulations on this incredible milestone. Wishing you continued success in the next chapter.
2025-12-22 21:47:48,https://www.linkedin.com/feed/update/urn%3Ali%3Aactivity%3A7408404621632626688,Congratulations 🎉 Wishing you continued success.
2025-12-22 21:46:38,https://www.linkedin.com/feed/update/urn%3Ali%3AugcPost%3A7408620866562859009,Congratulations 🎉 Wishing you continued success.
2025-12-22 21:46:16,https://www.linkedin.com/feed/update/urn%3Ali%3AugcPost%3A7408523135014195200,Congratulations 🎉 Wishing you continued success.
2025-12-22 21:45:51,https://www.linkedin.com/feed/update/urn%3Ali%3Aactivity%3A7408697794057842688,Congratulations 🎉 Wishing you continued success.
2025-12-22 21:44:31,https://www.linkedin.com/feed/update/urn%3Ali%3Aactivity%3A7408843413258665985,"This is an amazing opportunity. Unfortunately, I won’t be able to join since it will be held in person, but wishing the program great success."
2025-12-22 21:41:10,https://www.linkedin.com/feed/update/urn%3Ali%3Aactivity%3A7407446851928358912,"Very impressive year in review. 
Well done to the entire team."
2025-12-22 21:39:37,https://www.linkedin.com/feed/update/urn%3Ali%3AugcPost%3A7408777161421099008,Congratulations 🎉 This is a great milestone.
2025-12-22 21:39:12,https://www.linkedin.com/feed/update/urn%3Ali%3AugcPost%3A7408919550341152768,Congratulations 🎉 This is a great milestone.
2025-12-22 21:39:00,https://www.linkedin.com/feed/update/urn%3Ali%3Aactivity%3A7408839495820775424,Congratulations 🎉 This is a great milestone.
2025-12-22 21:38:13,https://www.linkedin.com/feed/update/urn%3Ali%3Aactivity%3A7408956793671819265,Congratulations 🎉 This is a great milestone.
2025-12-22 21:38:01,https://www.linkedin.com/feed/update/urn%3Ali%3AugcPost%3A7408889866664501248,Congratulations 🎉 This is a great milestone.
2025-12-22 21:37:52,https://www.linkedin.com/feed/update/urn%3Ali%3AugcPost%3A7408739455504715776,Congratulations 🎉 This is a great milestone.
2025-12-22 21:37:22,https://www.linkedin.com/feed/update/urn%3Ali%3Aactivity%3A7406436172123488256,Congratulations 🎉 This is a great milestone.
2025-12-22 21:37:10,https://www.linkedin.com/feed/update/urn%3Ali%3AugcPost%3A7408792916149784576,Congratulations 🎉 This is a great milestone.
2025-12-22 21:35:45,https://www.linkedin.com/feed/update/urn%3Ali%3AugcPost%3A7408922522089361408,Congratulations 🎉 This is a great milestone.
2025-12-22 21:35:31,https://www.linkedin.com/feed/update/urn%3Ali%3AugcPost%3A7407246040954961920,Congratulations 🎉 This is a great milestone.
2025-12-22 21:35:20,https://www.linkedin.com/feed/update/urn%3Ali%3Aactivity%3A7408816393028071424,Congratulations 🎉 This is a great milestone.
2025-12-22 21:34:07,https://www.linkedin.com/feed/update/urn%3Ali%3AugcPost%3A7408876508280221698,Gyanankur Thank you
2025-12-22 21:33:57,https://www.linkedin.com/feed/update/urn%3Ali%3AugcPost%3A7408876508280221698,"Wisdom
Thank you"
2025-12-22 21:33:48,https://www.linkedin.com/feed/update/urn%3Ali%3AugcPost%3A7408876508280221698,"BRIAN, Thank you"
2025-12-22 17:25:32,https://www.linkedin.com/feed/update/urn%3Ali%3Aactivity%3A7408838681706446850,Well done on completing the certification
2025-12-22 17:23:55,https://www.linkedin.com/feed/update/urn%3Ali%3AugcPost%3A7408549549071290368,Congratulations on finishing strong. Wishing you continued growth as you begin this next professional chapter.
2025-12-22 17:22:25,https://www.linkedin.com/feed/update/urn%3Ali%3AugcPost%3A7408756722334367744,Well done on completing the bootcamp.
2025-12-22 17:20:37,https://www.linkedin.com/feed/update/urn%3Ali%3AugcPost%3A7408842873024139264,Congratulations on graduating with a Second Class Upper.
2025-12-22 17:19:09,https://www.linkedin.com/feed/update/urn%3Ali%3Aactivity%3A7408593382358433794,Well done 🎉
2025-12-22 17:18:52,https://www.linkedin.com/feed/update/urn%3Ali%3Aactivity%3A7408390157130747904,"Thank you for creating a space that truly encourages collaboration, learning, and consistent practice throughout the year."
2025-12-22 17:17:32,https://www.linkedin.com/feed/update/urn%3Ali%3AugcPost%3A7408836740603633665,Congratulations 🎉
2025-12-22 17:04:35,https://www.linkedin.com/feed/update/urn%3Ali%3AugcPost%3A7408876508280221698,Thank you Aliyas .
2025-12-22 17:03:54,https://www.linkedin.com/feed/update/urn%3Ali%3AugcPost%3A7408876508280221698,Thank you Farouk
2025-12-22 17:03:40,https://www.linkedin.com/feed/update/urn%3Ali%3AugcPost%3A7408876508280221698,Thank you Joshua
2025-12-22 11:14:16,https://www.linkedin.com/feed/update/urn%3Ali%3AugcPost%3A7407453583396229120,Arun Rana Thank you
2025-12-22 11:14:03,https://www.linkedin.com/feed/update/urn%3Ali%3AugcPost%3A7407453583396229120,Mercy Chukwu Thank you
2025-12-22 11:13:44,https://www.linkedin.com/feed/update/urn%3Ali%3AugcPost%3A7407453583396229120,Ahmad Abubakar Thank you
2025-12-22 11:13:28,https://www.linkedin.com/feed/update/urn%3Ali%3AugcPost%3A7407453583396229120,"Adeniyi
Thank you"
2025-12-22 11:13:02,https://www.linkedin.com/feed/update/urn%3Ali%3AugcPost%3A7407453583396229120,Thank you Kennedy
2025-12-22 11:12:40,https://www.linkedin.com/feed/update/urn%3Ali%3AugcPost%3A7407453583396229120,Thank you Desmond
2025-12-22 11:12:24,https://www.linkedin.com/feed/update/urn%3Ali%3AugcPost%3A7407453583396229120,Thank you Joseph
2025-12-22 11:12:12,https://www.linkedin.com/feed/update/urn%3Ali%3AugcPost%3A7407453583396229120,Thank you Cosmos
2025-12-22 11:11:48,https://www.linkedin.com/feed/update/urn%3Ali%3AugcPost%3A7407453583396229120,Thank you Claudia
2025-12-22 11:11:16,https://www.linkedin.com/feed/update/urn%3Ali%3AugcPost%3A7407453583396229120,Thank you Anastasia Aghadinuno
2025-12-22 11:11:02,https://www.linkedin.com/feed/update/urn%3Ali%3AugcPost%3A7407453583396229120,Thank you Anjali Shaw
2025-12-22 10:20:34,https://www.linkedin.com/feed/update/urn%3Ali%3AugcPost%3A7408540045244227584,Well done
2025-12-22 10:19:47,https://www.linkedin.com/feed/update/urn%3Ali%3Aactivity%3A7408472137164054528,Congratulations 🎉 Wishing you continued success.
2025-12-22 10:18:48,https://www.linkedin.com/feed/update/urn%3Ali%3AugcPost%3A7408595842611187712,Well done! Congratulations on making the Dean’s List again.
2025-12-22 10:17:08,https://www.linkedin.com/feed/update/urn%3Ali%3AugcPost%3A7408201205673472001,Well done 🎉
2025-12-22 10:16:48,https://www.linkedin.com/feed/update/urn%3Ali%3AugcPost%3A7408547951515652096,Well done 👏 This is a solid achievement.
2025-12-22 10:07:16,https://www.linkedin.com/feed/update/urn%3Ali%3AugcPost%3A7408760584793571328,Congratulations 🎉 I just completed the foundation of data science as well.
2025-12-22 10:06:07,https://www.linkedin.com/feed/update/urn%3Ali%3Aactivity%3A7408444624299810816,Great achievement 👏 Wishing you success as you move into Machine Learning.
2025-12-22 10:05:21,https://www.linkedin.com/feed/update/urn%3Ali%3Aactivity%3A7408577402160750592,"Well done 👏 Keep building, this is a solid foundation."
2025-12-22 10:04:22,https://www.linkedin.com/feed/update/urn%3Ali%3AugcPost%3A7408564961607585792,Congratulations 🎉 A well-deserved achievement. Wishing you success in the next chapter
2025-12-22 10:03:25,https://www.linkedin.com/feed/update/urn%3Ali%3Aactivity%3A7408591479696310272,Congratulations on your graduation 🎉 Wishing you greater opportunities ahead.
2025-12-22 10:02:30,https://www.linkedin.com/feed/update/urn%3Ali%3AugcPost%3A7408595802572537856,Congratulations 🎉
2025-12-22 10:02:16,https://www.linkedin.com/feed/update/urn%3Ali%3Aactivity%3A7408808645213388801,"Love this  Mo Chen 
Thanks for sharing such a practical approach."
2025-12-20 12:20:37,https://www.linkedin.com/feed/update/urn%3Ali%3AugcPost%3A7408118050434064384,Congratulations! Well deserved win 👏🏽🏆
2025-12-20 12:07:36,https://www.linkedin.com/feed/update/urn%3Ali%3Aactivity%3A7403041508381241344,Congratulations 🎉 Well deserved.
2025-12-20 12:06:15,https://www.linkedin.com/feed/update/urn%3Ali%3AugcPost%3A7407802910476226560,This is great. Congratulations on successfully defending your PhD.
2025-12-20 12:01:24,https://www.linkedin.com/feed/update/urn%3Ali%3AugcPost%3A7407841151724208128,"Congratulations, this is a solid milestone. Keep growing."
2025-12-20 11:59:04,https://www.linkedin.com/feed/update/urn%3Ali%3Aactivity%3A7407737921274900480,"Congratulations, this is a solid milestone. Keep growing."
2025-12-20 11:54:31,https://www.linkedin.com/feed/update/urn%3Ali%3AugcPost%3A7407791464945971201,"Congratulations, this is a solid milestone. Keep growing."
2025-12-20 11:54:01,https://www.linkedin.com/feed/update/urn%3Ali%3Aactivity%3A7408029012289155072,"Congratulations, this is a solid milestone. Keep growing."
2025-12-19 20:16:01,https://www.linkedin.com/feed/update/urn%3Ali%3Aactivity%3A7407810293675913216,Congratulations 🎉
2025-12-19 20:15:49,https://www.linkedin.com/feed/update/urn%3Ali%3AugcPost%3A7407020501145096192,"This is great, it’s encouraging to see such strong collaboration between industry and academia driving real, practical impact."
2025-12-19 20:14:32,https://www.linkedin.com/feed/update/urn%3Ali%3Aactivity%3A7406742453619298305,"This is great Dorothy Asante, SHRM-SCP"
2025-12-19 20:12:16,https://www.linkedin.com/feed/update/urn%3Ali%3Aactivity%3A7407486791479619584,"Well done Elena Enyonam Noamesi 
Completing the ALX Professional Foundations is no small feat. You truly did hard things, and it shows."
2025-12-19 20:08:51,https://www.linkedin.com/feed/update/urn%3Ali%3AugcPost%3A7403138234203029504,"This is great, congratulations on completing this chapter. Wishing you continued success in the next phase ahead."
2025-12-19 20:07:18,https://www.linkedin.com/feed/update/urn%3Ali%3Aactivity%3A7407767193456730114,"Well done 👏
It’s impressive how you turned this into SQL insights. We go hard in 2026 🚀"
2025-12-19 20:05:10,https://www.linkedin.com/feed/update/urn%3Ali%3AugcPost%3A7407355569176743936,Well done 👏 Consistency really paid off.
2025-12-19 20:04:02,https://www.linkedin.com/feed/update/urn%3Ali%3AugcPost%3A7407674164427448320,"Congratulations 🎉  Ruth Doe 
This is a well-deserved opportunity. Wishing you great impact as a mentor."
2025-12-19 19:39:25,https://www.linkedin.com/feed/update/urn%3Ali%3AugcPost%3A7407453583396229120,Thank you Dr Krishna Nair
2025-12-19 13:48:02,https://www.linkedin.com/feed/update/urn%3Ali%3AugcPost%3A7407453583396229120,Stephen Quarcoo Thank you
2025-12-19 10:13:11,https://www.linkedin.com/feed/update/urn%3Ali%3AugcPost%3A7407453583396229120,Thank you Shiju Abraham
2025-12-19 10:12:57,https://www.linkedin.com/feed/update/urn%3Ali%3AugcPost%3A7407453583396229120,Thank you Evelyn Ikpenyi
2025-12-19 10:12:37,https://www.linkedin.com/feed/update/urn%3Ali%3AugcPost%3A7407453583396229120,Vijay Ninawe Thank you
2025-12-19 10:12:28,https://www.linkedin.com/feed/update/urn%3Ali%3AugcPost%3A7407453583396229120,Mercy Omemgboji Thank you
2025-12-19 10:12:19,https://www.linkedin.com/feed/update/urn%3Ali%3AugcPost%3A7407453583396229120,Rofee'ah Tijani Thank you
2025-12-19 10:11:57,https://www.linkedin.com/feed/update/urn%3Ali%3AugcPost%3A7407453583396229120,malagari varun reddy Thank you
2025-12-19 10:11:43,https://www.linkedin.com/feed/update/urn%3Ali%3AugcPost%3A7407453583396229120,Joshua Salami Peter Thank you
2025-12-19 10:11:29,https://www.linkedin.com/feed/update/urn%3Ali%3AugcPost%3A7407453583396229120,"Edwige Songong, PhD Thank you"
2025-12-19 10:11:17,https://www.linkedin.com/feed/update/urn%3Ali%3AugcPost%3A7407453583396229120,Samim Imtiaz Thank you
2025-12-19 10:11:05,https://www.linkedin.com/feed/update/urn%3Ali%3AugcPost%3A7407453583396229120,Hassan Adebanke Thank you
2025-12-19 10:10:53,https://www.linkedin.com/feed/update/urn%3Ali%3AugcPost%3A7407453583396229120,"Joel Ohene Frimpong, MPhil Thank you"
2025-12-18 20:27:44,https://www.linkedin.com/feed/update/urn%3Ali%3AugcPost%3A7407453583396229120,Akintemi Esther Thank you
2025-12-18 19:18:42,https://www.linkedin.com/feed/update/urn%3Ali%3AugcPost%3A7407453583396229120,Farouk Muda Thank you
2025-12-18 19:18:31,https://www.linkedin.com/feed/update/urn%3Ali%3AugcPost%3A7407453583396229120,Ayush Tiwary Thank you
2025-12-18 19:18:25,https://www.linkedin.com/feed/update/urn%3Ali%3AugcPost%3A7407453583396229120,Erick Mwangome Thank you
2025-12-18 19:18:17,https://www.linkedin.com/feed/update/urn%3Ali%3AugcPost%3A7407453583396229120,Alex Kwao Ablerdu Thank you
2025-12-18 19:18:04,https://www.linkedin.com/feed/update/urn%3Ali%3AugcPost%3A7407453583396229120,Jessica Ama Adokoh Thank you
2025-12-18 17:00:57,https://www.linkedin.com/feed/update/urn%3Ali%3AugcPost%3A7407453583396229120,Gyanankur Baruah Thank you
2025-12-18 16:43:38,https://www.linkedin.com/feed/update/urn%3Ali%3AugcPost%3A7407453583396229120,"Jerome Gameli Kofi Davor 
Thank you 🙏"
2025-12-18 16:43:21,https://www.linkedin.com/feed/update/urn%3Ali%3AugcPost%3A7407453583396229120,"Naveen Sahani 
Thank you"
2025-12-18 16:23:55,https://www.linkedin.com/feed/update/urn%3Ali%3AugcPost%3A7407453583396229120,Samuel Bentum Thank you
2025-12-18 12:29:29,https://www.linkedin.com/feed/update/urn%3Ali%3Aactivity%3A7407394583539531776,"Thanks for engaging with my post, Marc Henn, I appreciate it."
2025-12-17 15:00:12,https://www.linkedin.com/feed/update/urn%3Ali%3AugcPost%3A7406375108149334016,"Well done  Cynthia Okafor 
This is a well-deserved recognition. 
Congratulations on this outstanding achievement."
2025-12-17 14:51:46,https://www.linkedin.com/feed/update/urn%3Ali%3AugcPost%3A7405193036646875136,Well done 🎉
2025-12-17 12:09:26,https://www.linkedin.com/feed/update/urn%3Ali%3Aactivity%3A7406896782875561984,Well done 🎉
2025-12-17 12:09:10,https://www.linkedin.com/feed/update/urn%3Ali%3Aactivity%3A7406938454540021762,"Great breakdown, thanks for sharing.
I mostly use supervised learning, specifically regression, to make predictions and understand relationships in the data."
2025-12-17 12:03:58,https://www.linkedin.com/feed/update/urn%3Ali%3Aactivity%3A7406809645891215360,Well done 🎉🎉
2025-12-17 11:28:19,https://www.linkedin.com/feed/update/urn%3Ali%3Aactivity%3A7407011616338104320,Happy midweek🎉
2025-12-17 11:27:50,https://www.linkedin.com/feed/update/urn%3Ali%3Aactivity%3A7407011616338104320,"David Somenu Absolutely 💯 Cheers to many more years of learning, building, and doing great things together. Grateful for the journey and the brotherhood 🤝"
2025-12-17 11:24:49,https://www.linkedin.com/feed/update/urn%3Ali%3Aactivity%3A7405692958177718272,"Well done  Rashida Yakubu 
Wishing you all the best as you begin this new journey."
2025-12-17 11:18:33,https://www.linkedin.com/feed/update/urn%3Ali%3AugcPost%3A7403648035039338499,Well done
2025-12-17 11:17:53,https://www.linkedin.com/feed/update/urn%3Ali%3AugcPost%3A7406643905485623296,Congratulations 🎉
2025-12-17 11:16:40,https://www.linkedin.com/feed/update/urn%3Ali%3AugcPost%3A7406402230867869696,"Well done, your journey is truly inspiring."
2025-12-17 11:14:28,https://www.linkedin.com/feed/update/urn%3Ali%3Aactivity%3A7404178240094801920,Nice viz
2025-12-17 11:14:05,https://www.linkedin.com/feed/update/urn%3Ali%3Aactivity%3A7406549643968466944,"Great work, impactful research with real-world value."
2025-12-17 11:09:53,https://www.linkedin.com/feed/update/urn%3Ali%3AugcPost%3A7406803457514385408,Congratulations 🎉
2025-12-17 11:09:43,https://www.linkedin.com/feed/update/urn%3Ali%3Aactivity%3A7403025941150703616,Keep it up
2025-12-17 11:09:18,https://www.linkedin.com/feed/update/urn%3Ali%3AugcPost%3A7406531547282964480,Well done 🎉
2025-12-17 11:07:18,https://www.linkedin.com/feed/update/urn%3Ali%3AugcPost%3A7406756469959704576,Well done 🎉
2025-12-17 11:04:42,https://www.linkedin.com/feed/update/urn%3Ali%3AugcPost%3A7406875853378408448,Well done🎉
2025-12-17 11:03:02,https://www.linkedin.com/feed/update/urn%3Ali%3AugcPost%3A7406896048230563840,"Congratulations  KUGANRAJ K 
well done on earning this certification! 🎉"
2025-12-17 10:52:17,https://www.linkedin.com/feed/update/urn%3Ali%3AugcPost%3A7406955558853050368,"Congratulations Ing. Benjamin Agbesi, PE-GhIE 
A well-deserved milestone and an inspiring achievement."
2025-12-17 10:50:29,https://www.linkedin.com/feed/update/urn%3Ali%3AugcPost%3A7406537978061365248,"Congratulations 🎉 
All the Best"
2025-12-17 10:50:02,https://www.linkedin.com/feed/update/urn%3Ali%3AugcPost%3A7406067475659784192,"Well done, congratulations on completing this phase and all the best on the PhD journey ahead."
2025-12-16 17:01:37,https://www.linkedin.com/feed/update/urn%3Ali%3AugcPost%3A7406450182357155840,"This is great  Molly Dixon, love the impact and collaboration you’re creating for students."
2025-12-16 16:57:42,https://www.linkedin.com/feed/update/urn%3Ali%3Aactivity%3A7406560493387132929,"I think Power BI is great, it’s intuitive, powerful, and makes storytelling with data much easier for me."
2025-12-16 16:45:21,https://www.linkedin.com/feed/update/urn%3Ali%3AugcPost%3A7405606336996040704,"Well done, stepping out of your comfort zone clearly paid off."
2025-12-16 16:42:11,https://www.linkedin.com/feed/update/urn%3Ali%3AugcPost%3A7405735903178100736,"Congratulations 🎉 completing an ALX course isn’t easy. You did the hard things, and it shows."
2025-12-16 16:39:14,https://www.linkedin.com/feed/update/urn%3Ali%3Aactivity%3A7404311644014542849,"Amazing project,  great to see this work getting the recognition it deserves."
2025-12-16 16:38:01,https://www.linkedin.com/feed/update/urn%3Ali%3AugcPost%3A7406575653132861440,"Nice visualization and great insights, the layout is clean and well structured."
2025-12-16 16:36:30,https://www.linkedin.com/feed/update/urn%3Ali%3Aactivity%3A7403392739595186176,Well done
2025-12-16 16:35:16,https://www.linkedin.com/feed/update/urn%3Ali%3AugcPost%3A7406655993595469824,"Happy birthday, brother Daniel Francis Gborgbor, wishing you long life, good health, and continued prosperity. 🎉🎂"
2025-12-16 16:33:31,https://www.linkedin.com/feed/update/urn%3Ali%3AugcPost%3A7406382221001093120,"Nice visualization and great insights, clean layout and clear storytelling."
2025-12-16 16:26:14,https://www.linkedin.com/feed/update/urn%3Ali%3AugcPost%3A7405676252965330944,Congratulations 🎉
2025-12-16 16:19:36,https://www.linkedin.com/feed/update/urn%3Ali%3AugcPost%3A7405705109021544448,"Congratulations  Margaret Etudo, very powerful and inspiring journey."
2025-12-16 16:18:00,https://www.linkedin.com/feed/update/urn%3Ali%3Aactivity%3A7402474134590439424,Congratulations 🎉
2025-12-16 16:17:21,https://www.linkedin.com/feed/update/urn%3Ali%3Aactivity%3A7406095605795614720,"Nice visualization and great insights, really clear storytelling from the data."
2025-12-16 16:09:23,https://www.linkedin.com/feed/update/urn%3Ali%3AugcPost%3A7406698968685932544,Well done
2025-12-16 16:08:59,https://www.linkedin.com/feed/update/urn%3Ali%3Aactivity%3A7406649105768267776,"Congratulations  Daniela Jones, well deserved and exciting recognition."
2025-12-16 10:15:19,https://www.linkedin.com/feed/update/urn%3Ali%3Aactivity%3A7406354645922574337,"Good luck  Christopher Oates 
All the best with your presentation!"
2025-12-15 14:39:59,https://www.linkedin.com/feed/update/urn%3Ali%3Aactivity%3A7406241142326874112,Precious Vigbedor Thank you so much. I’ll be happy to help you with the Coursera data analytics application. Feel free to reach out.
2025-12-15 14:39:13,https://www.linkedin.com/feed/update/urn%3Ali%3Aactivity%3A7406241142326874112,"Wisdom Dziedzoave Thank you so much. I truly appreciate your support and for introducing me to this opportunity. It has made a real difference, and I’m grateful."
2025-12-15 11:42:11,https://www.linkedin.com/feed/update/urn%3Ali%3AugcPost%3A7406072791617236992,Well done
2025-12-13 11:11:11,https://www.linkedin.com/feed/update/urn%3Ali%3Aactivity%3A7405563549101477888,"Thank you for sharing Peter Bawuah, MA"
2025-12-12 15:08:52,https://www.linkedin.com/feed/update/urn%3Ali%3Aactivity%3A7401605711194996736,Well done
2025-12-12 15:06:23,https://www.linkedin.com/feed/update/urn%3Ali%3Aactivity%3A7405080389293248512,Congratulations 🎉
2025-12-12 15:05:35,https://www.linkedin.com/feed/update/urn%3Ali%3Aactivity%3A7405154624426553344,Congratulations Sunday Haruna
2025-12-12 14:38:31,https://www.linkedin.com/feed/update/urn%3Ali%3AugcPost%3A7404859449405829120,Well done
2025-12-12 14:34:18,https://www.linkedin.com/feed/update/urn%3Ali%3Aactivity%3A7405020137663152128,Well done
2025-12-11 15:51:50,https://www.linkedin.com/feed/update/urn%3Ali%3AugcPost%3A7404632986345885696,"Step by step, we’ll get there, great session and progress!"
2025-12-11 15:48:34,https://www.linkedin.com/feed/update/urn%3Ali%3AugcPost%3A7404669674631925761,Well done Mohamed Abd El Mohssen
2025-12-11 15:47:01,https://www.linkedin.com/feed/update/urn%3Ali%3AugcPost%3A7404200649070055425,"Nice visualization and great insights, well done on this project."
2025-12-11 14:13:00,https://www.linkedin.com/feed/update/urn%3Ali%3AugcPost%3A7404619020064243715,Well done 🎉
2025-12-10 13:21:45,https://www.linkedin.com/feed/update/urn%3Ali%3Aactivity%3A7404395562793525248,Well done Gyanankur Baruah
2025-12-10 13:02:16,https://www.linkedin.com/feed/update/urn%3Ali%3Aactivity%3A7404114909099466752,Nice viz Shahed Mohammed
2025-12-10 13:00:00,https://www.linkedin.com/feed/update/urn%3Ali%3AugcPost%3A7404224370786709504,Well done Ziad Tamer
2025-12-09 16:42:25,https://www.linkedin.com/feed/update/urn%3Ali%3AugcPost%3A7404070011121811456,Well done Joel Masilamani
2025-12-09 16:42:08,https://www.linkedin.com/feed/update/urn%3Ali%3Aactivity%3A7404022001385971712,Well done Muhammad Talha Khan
2025-12-09 16:41:53,https://www.linkedin.com/feed/update/urn%3Ali%3Aactivity%3A7404115413686702080,Well done
2025-12-09 16:22:25,https://www.linkedin.com/feed/update/urn%3Ali%3Aactivity%3A7404122986540281857,Congratulations 🎉
2025-12-09 16:22:04,https://www.linkedin.com/feed/update/urn%3Ali%3AugcPost%3A7403335804263260160,Nice viz
2025-12-09 16:20:43,https://www.linkedin.com/feed/update/urn%3Ali%3Aactivity%3A7402585681929101312,"These two are real lifesavers, they make such a big difference once you get comfortable with them."
2025-12-09 16:19:00,https://www.linkedin.com/feed/update/urn%3Ali%3Aactivity%3A7403357625368629248,Thank you for sharing
2025-12-09 16:17:10,https://www.linkedin.com/feed/update/urn%3Ali%3AugcPost%3A7400662019818852352,Nice viz
2025-12-09 16:15:56,https://www.linkedin.com/feed/update/urn%3Ali%3Aactivity%3A7403684977420230657,Nice viz
2025-12-09 16:15:44,https://www.linkedin.com/feed/update/urn%3Ali%3Aactivity%3A7399582336880648192,Well done 🎉
2025-12-09 16:15:12,https://www.linkedin.com/feed/update/urn%3Ali%3AugcPost%3A7403937016578666496,Nice viz
2025-12-09 16:13:56,https://www.linkedin.com/feed/update/urn%3Ali%3AugcPost%3A7403642633044234240,Well done
2025-12-09 16:13:27,https://www.linkedin.com/feed/update/urn%3Ali%3AugcPost%3A7398641999115063296,Congratulations 🎉
2025-12-09 15:10:51,https://www.linkedin.com/feed/update/urn%3Ali%3AugcPost%3A7404166612808896513,Ahmed Belloe Thanks a lot! I’m taking it one step at a time and excited for the bigger projects ahead.
2025-12-09 14:37:37,https://www.linkedin.com/feed/update/urn%3Ali%3AugcPost%3A7401594645421568001,Samuel Agyemang Duah Welcome
2025-12-09 14:35:02,https://www.linkedin.com/feed/update/urn%3Ali%3Aactivity%3A7403786822709153792,Nice viz Kinjal M Mehta
2025-12-09 14:31:58,https://www.linkedin.com/feed/update/urn%3Ali%3AugcPost%3A7403838872742277121,Well done Branislav Kuzmanović
2025-12-09 14:30:39,https://www.linkedin.com/feed/update/urn%3Ali%3AugcPost%3A7404023783977680897,Great achievement KUGANRAJ K
2025-12-09 14:30:04,https://www.linkedin.com/feed/update/urn%3Ali%3Aactivity%3A7403071795890864128,Well done Jobyar Ahmed Udoy
2025-12-09 14:29:10,https://www.linkedin.com/feed/update/urn%3Ali%3AugcPost%3A7403701969204469761,"This is great Aditya Chaubey, but next time, try shortening the visual titles for a cleaner look."
2025-12-09 14:27:36,https://www.linkedin.com/feed/update/urn%3Ali%3Aactivity%3A7402121508560498688,Well done Nkiruka (Oragwu) Ikwuneme
2025-12-09 14:27:22,https://www.linkedin.com/feed/update/urn%3Ali%3AugcPost%3A7403751921800462336,Congratulations Lakyiere Alice Bagyiereyele
2025-12-09 14:27:03,https://www.linkedin.com/feed/update/urn%3Ali%3Aactivity%3A7403761494355730432,Well done Razia Sultana
2025-12-09 14:26:08,https://www.linkedin.com/feed/update/urn%3Ali%3AugcPost%3A7404114288174571520,"Nice, really meaningful work and great to see you giving back."
2025-12-09 14:24:22,https://www.linkedin.com/feed/update/urn%3Ali%3AugcPost%3A7404103742054207489,"Nice work, great to see your growth and enthusiasm on this journey."
2025-12-09 14:23:09,https://www.linkedin.com/feed/update/urn%3Ali%3Aactivity%3A7403689335390445568,"This is great vignesh A.M
Nice work"
2025-12-09 14:19:03,https://www.linkedin.com/feed/update/urn%3Ali%3AugcPost%3A7404077832622067713,"Great islam Mohamed, solid progress and a strong foundation you’re building."
2025-12-09 14:15:27,https://www.linkedin.com/feed/update/urn%3Ali%3AugcPost%3A7403688854269968384,"Love this Francis Mbroh,  such an important reminder about being intentional with your visibility."
2025-12-09 14:09:41,https://www.linkedin.com/feed/update/urn%3Ali%3AugcPost%3A7404137762167115776,Congratulations Thomas Adjei
2025-12-09 14:09:20,https://www.linkedin.com/feed/update/urn%3Ali%3AugcPost%3A7401594645421568001,All the Best Samuel Agyemang Duah
2025-12-09 11:25:51,https://www.linkedin.com/feed/update/urn%3Ali%3Aactivity%3A7404052184256192512,Desmond Frimpong
2025-12-09 11:23:51,https://www.linkedin.com/feed/update/urn%3Ali%3AugcPost%3A7404062457692106752,"Well done Ralph Danquah-Acquah
Impressive work and a meaningful contribution to sustainable agriculture."
2025-12-09 11:21:51,https://www.linkedin.com/feed/update/urn%3Ali%3AugcPost%3A7404104399876333568,This is great
2025-12-09 11:20:01,https://www.linkedin.com/feed/update/urn%3Ali%3AugcPost%3A7403783009738309634,Congratulations
2025-12-09 11:19:45,https://www.linkedin.com/feed/update/urn%3Ali%3Aactivity%3A7404101200251457536,"Good luck Emmanuel Achim Gyimah
Wishing you all the best on this new journey."
2025-12-09 09:26:23,https://www.linkedin.com/feed/update/urn%3Ali%3Aactivity%3A7401699276185280512,Well done 🎉
2025-12-08 15:35:17,https://www.linkedin.com/feed/update/urn%3Ali%3AugcPost%3A7403702582537265152,Congrats Abaidullah .
2025-12-08 14:43:46,https://www.linkedin.com/feed/update/urn%3Ali%3AugcPost%3A7403712998521053184,Well done Claudia Obeng Fosuaa
2025-12-08 14:40:15,https://www.linkedin.com/feed/update/urn%3Ali%3Aactivity%3A7403719379202600960,Well done
2025-12-08 14:35:25,https://www.linkedin.com/feed/update/urn%3Ali%3Aactivity%3A7401938272836419584,"Never give up, keep going. Your encouragement is spot on."
2025-12-08 14:34:35,https://www.linkedin.com/feed/update/urn%3Ali%3AugcPost%3A7403498021235093504,"This is great, keep it up!"
2025-12-08 14:33:37,https://www.linkedin.com/feed/update/urn%3Ali%3AugcPost%3A7403685644499402752,Well done Sherin Jacob Thomas
2025-12-08 14:32:55,https://www.linkedin.com/feed/update/urn%3Ali%3AugcPost%3A7403777675472814081,Congratulations Aliyas .
2025-12-07 13:55:42,https://www.linkedin.com/feed/update/urn%3Ali%3AugcPost%3A7401110199832559616,Well done 🎉
2025-12-07 13:54:22,https://www.linkedin.com/feed/update/urn%3Ali%3AugcPost%3A7403422114613293056,"I remember during my undergrad, we learned so many different things but I can’t even remember some of them 😂😂"
2025-12-05 16:27:42,https://www.linkedin.com/feed/update/urn%3Ali%3Aactivity%3A7402591306872504320,"Understanding the logic is essential, that’s what truly unlocks the value in data."
2025-12-05 16:21:32,https://www.linkedin.com/feed/update/urn%3Ali%3AugcPost%3A7402053484151246849,"Well done Matthew Cobbinah, PhD"
2025-12-04 15:30:08,https://www.linkedin.com/feed/update/urn%3Ali%3Aactivity%3A7399770484554289152,Desmond Frimpong Thank you
2025-12-04 13:28:57,https://www.linkedin.com/feed/update/urn%3Ali%3AugcPost%3A7400921619248062466,"Congratulations Akosua Yeboah, a thoughtful reflection and a beautiful reminder about growth at your own pace. Really inspiring."
2025-12-04 13:20:00,https://www.linkedin.com/feed/update/urn%3Ali%3Aactivity%3A7397529259663073280,"I agree with you, thank you for sharing this."
2025-12-04 13:14:02,https://www.linkedin.com/feed/update/urn%3Ali%3Aactivity%3A7401916864291045378,"Congratulations, exciting times ahead for you."
2025-12-04 13:11:38,https://www.linkedin.com/feed/update/urn%3Ali%3AugcPost%3A7402006930568695808,"Great insights Nina Ikpe, I’ll participate in this month’s challenge as well."
2025-12-04 13:09:35,https://www.linkedin.com/feed/update/urn%3Ali%3AugcPost%3A7401032697831305216,"Three key tools; time management, continuous improvement, and consistency. Thank you for sharing this Samuel Sokpoli."
2025-12-04 13:07:07,https://www.linkedin.com/feed/update/urn%3Ali%3Aactivity%3A7402252649917489152,Great achievement Ama Nimako
2025-12-03 15:52:31,https://www.linkedin.com/feed/update/urn%3Ali%3Aactivity%3A7399745363441741824,Thank you for sharing these useful tips
2025-12-03 15:49:41,https://www.linkedin.com/feed/update/urn%3Ali%3AugcPost%3A7401081691345195008,"This is great Peggy Asare Doughan
 I really love the lessons you pulled from the experience."
2025-12-03 15:46:32,https://www.linkedin.com/feed/update/urn%3Ali%3AugcPost%3A7401307172200001536,Well done
2025-12-03 15:45:26,https://www.linkedin.com/feed/update/urn%3Ali%3AugcPost%3A7400494918403584001,"Congratulations Sampson Buabeng, wishing you the very best as you move forward."
2025-12-03 15:44:32,https://www.linkedin.com/feed/update/urn%3Ali%3Aactivity%3A7401866534584918016,"Well done Olufunmilola Olapeju Olaewe (MSc)
This is truly inspiring to see."
2025-12-03 15:43:31,https://www.linkedin.com/feed/update/urn%3Ali%3AugcPost%3A7401450945349488640,Well done Gyanankur Baruah
2025-12-03 15:42:42,https://www.linkedin.com/feed/update/urn%3Ali%3AugcPost%3A7401390759243087872,"Well done Larry Afun
Great to see you sharing insight and helping others navigate the process."
2025-12-03 15:41:28,https://www.linkedin.com/feed/update/urn%3Ali%3Aactivity%3A7401877898133057537,"Congratulations, this is powerful and truly inspiring."
2025-11-29 09:51:09,https://www.linkedin.com/feed/update/urn%3Ali%3Aactivity%3A7399770484554289152,"Thank you so much for the feedback. I didn’t think about the compound decay side, but you’re right, it would make the calculator more complete. I really appreciate you pointing it out. I’ll work on that update. Milisa Lamani"
2025-11-27 15:52:56,https://www.linkedin.com/feed/update/urn%3Ali%3Aactivity%3A7399832946871795712,Great achievement Crystal Andrea Dsouza
2025-11-27 15:48:14,https://www.linkedin.com/feed/update/urn%3Ali%3AugcPost%3A7399322565988651008,"Congratulations Amarachi Grace Agiri, MSc, PMP®, this is an amazing achievement."
2025-11-27 15:46:34,https://www.linkedin.com/feed/update/urn%3Ali%3AugcPost%3A7399111582406033408,"Congratulations Lewis Ampem-Darko Osae, exciting times ahead"
2025-11-27 15:44:44,https://www.linkedin.com/feed/update/urn%3Ali%3AugcPost%3A7399824929543757824,Congratulations
2025-11-25 09:47:15,https://www.linkedin.com/feed/update/urn%3Ali%3AugcPost%3A7398539816793149440,"Well done, great milestone on your data science journey."
2025-11-25 09:46:10,https://www.linkedin.com/feed/update/urn%3Ali%3AugcPost%3A7397331179986788352,"Congratulations, truly inspiring to see how far you’ve come."
2025-11-25 09:35:08,https://www.linkedin.com/feed/update/urn%3Ali%3AugcPost%3A7398616719319089152,"Very great achievement Ransford Oppong 
Congratulations on this milestone."
2025-11-25 08:55:45,https://www.linkedin.com/feed/update/urn%3Ali%3AugcPost%3A7398481569499291648,"Well done, this is an incredible achievement."
2025-11-22 05:40:41,https://www.linkedin.com/feed/update/urn%3Ali%3AugcPost%3A7396975696671277056,"I would like to nominate  Crystal Andrea Dsouza  for this award. She’s incredibly curious, always eager to learn, and consistently pushes herself to grow. She truly deserves this recognition."
2025-11-20 13:16:49,https://www.linkedin.com/feed/update/urn%3Ali%3AugcPost%3A7397261235890688000,Congratulations 🎊🎉
2025-11-20 13:10:52,https://www.linkedin.com/feed/update/urn%3Ali%3Aactivity%3A7396717795402629120,"Great, really happy you had this moment."
2025-11-19 14:12:35,https://www.linkedin.com/feed/update/urn%3Ali%3AugcPost%3A7396481123876331520,"This is inspiring. Thanks for sharing your journey, the growth behind each tool really comes through."
2025-11-19 14:09:40,https://www.linkedin.com/feed/update/urn%3Ali%3Aactivity%3A7396901202556317696,Thank you and congratulations! This is a big milestone.
2025-11-17 21:21:28,https://www.linkedin.com/feed/update/urn%3Ali%3AugcPost%3A7396056799780696064,Thank you for sharing this. Really helpful breakdown.
2025-11-17 21:07:09,https://www.linkedin.com/feed/update/urn%3Ali%3AugcPost%3A7396164191730016257,Great initiative
2025-11-17 21:05:18,https://www.linkedin.com/feed/update/urn%3Ali%3AugcPost%3A7396211177887928322,"Great insights, really enjoyed how clearly you broke down the trends across the region."
2025-11-17 21:03:45,https://www.linkedin.com/feed/update/urn%3Ali%3AugcPost%3A7395220894333235200,Love this and well deserved. More wins ahead for you.
2025-11-17 21:03:13,https://www.linkedin.com/feed/update/urn%3Ali%3AugcPost%3A7396221830765719553,Congratulations Gyanankur Baruah
2025-11-17 21:02:04,https://www.linkedin.com/feed/update/urn%3Ali%3Aactivity%3A7395916232182353920,"Nice work, solid breakdown and great insights."
2025-11-17 21:00:42,https://www.linkedin.com/feed/update/urn%3Ali%3Aactivity%3A7396068327418310656,"Thank you for sharing, this is a great reminder for all aspiring analysts."
2025-11-17 20:59:32,https://www.linkedin.com/feed/update/urn%3Ali%3AugcPost%3A7396169180363862016,"Nice visualization and great insights, Excel really shines in the way you used it here. Well done"
2025-11-17 20:18:28,https://www.linkedin.com/feed/update/urn%3Ali%3AugcPost%3A7396120007702913025,Thank you for sharing this. Your story is a great reminder that trusting your own path can lead to amazing outcomes.
2025-11-17 20:16:15,https://www.linkedin.com/feed/update/urn%3Ali%3Aactivity%3A7396094802854875136,"Love this, thank you for breaking it down so clearly."
2025-11-17 20:14:48,https://www.linkedin.com/feed/update/urn%3Ali%3AugcPost%3A7396277490861711360,"This is great, technology has truly advanced agriculture, making the work easier, faster, and far more efficient. Thank you for sharing these insights, Prof John Fulton."
2025-11-17 20:12:04,https://www.linkedin.com/feed/update/urn%3Ali%3AugcPost%3A7396174787129028608,"Congratulations dear, this is an incredible journey and so well deserved."
2025-11-07 14:33:47,https://www.linkedin.com/feed/update/urn%3Ali%3Aactivity%3A7392554111726129152,"This is great  Geng(Frank) Bai 
Exciting to see such innovation coming out of NC State’s BAI Lab."
2025-11-06 18:13:26,https://www.linkedin.com/feed/update/urn%3Ali%3AugcPost%3A7392248111727017984,This is great
2025-11-06 09:26:06,https://www.linkedin.com/feed/update/urn%3Ali%3Aactivity%3A7392092503585300480,Thanks for sharing these helpful resources Nishat Jahan
2025-11-05 16:29:57,https://www.linkedin.com/feed/update/urn%3Ali%3Aactivity%3A7391871250320650240,"I’ve registered, really looking forward to this amazing opportunity.
Thank you Prof. Ajay Sharda"
2025-11-05 14:06:18,https://www.linkedin.com/feed/update/urn%3Ali%3AugcPost%3A7391828237003182080,Thank you for sharing these insightful and educative tips Khushi Yadav
2025-11-04 23:26:36,https://www.linkedin.com/feed/update/urn%3Ali%3Aactivity%3A7391353539714904065,"Congratulations, Favour Anyanwu! 🎉 Hitting 1k is a big milestone and well-deserved. Your consistency and openness are inspiring. I can’t wait for the data series"
2025-11-04 23:25:08,https://www.linkedin.com/feed/update/urn%3Ali%3Aactivity%3A7391350349938348032,Clear communication turns good analysis into real impact. Thanks for sharing this reminder
2025-11-04 23:24:25,https://www.linkedin.com/feed/update/urn%3Ali%3Aactivity%3A7391490251803910144,Thank you for sharing these valuable resources Roni Rahman
2025-11-04 23:22:44,https://www.linkedin.com/feed/update/urn%3Ali%3Aactivity%3A7391569099593682944,Well done
2025-11-04 23:22:16,https://www.linkedin.com/feed/update/urn%3Ali%3Aactivity%3A7391460303072288768,Can’t wait to follow along and learn!
2025-11-04 23:20:53,https://www.linkedin.com/feed/update/urn%3Ali%3AugcPost%3A7391357237006381056,"This really relates to me, such a needed reminder to stay consistent"
2025-11-04 23:19:30,https://www.linkedin.com/feed/update/urn%3Ali%3AugcPost%3A7389351604203773952,Looking forward to it
2025-11-04 23:18:34,https://www.linkedin.com/feed/update/urn%3Ali%3AugcPost%3A7387110089645776896,"Truly inspiring! At just 15, Agbo is already showing incredible potential. My advice would be to stay curious, stay humble, and keep balancing academics with character. The world needs both brilliance and kindness. "
2025-11-04 23:16:57,https://www.linkedin.com/feed/update/urn%3Ali%3Aactivity%3A7391378027236089856,I can totally relate! Staying calm and pushing through those frustrating moments is what truly builds consistency. Can’t wait to see what you’re working on! 
2025-11-04 23:14:16,https://www.linkedin.com/feed/update/urn%3Ali%3Aactivity%3A7391117256270950400,"Inspiring words! 
Congratulations on this milestone and thanks for the reminder to build with people, not just numbers"
2025-11-04 23:12:46,https://www.linkedin.com/feed/update/urn%3Ali%3AugcPost%3A7391411362888847360,Congratulations! Your hard work and perseverance truly paid off
2025-11-04 23:11:07,https://www.linkedin.com/feed/update/urn%3Ali%3AugcPost%3A7391448386920648704,Great insights and a really nice dashboard! Let’s connect Naveen Rawat
2025-11-04 23:09:56,https://www.linkedin.com/feed/update/urn%3Ali%3Aactivity%3A7391510279077097472,Congratulations on this incredible achievement! 🎉 Your dedication and growth throughout the journey are truly inspiring. Wishing you continued success in this next chapter.
2025-11-04 23:07:59,https://www.linkedin.com/feed/update/urn%3Ali%3Aactivity%3A7391364918643470336,"Great insights! 
A timely reminder to focus on how we think, not just what we know. Thanks for sharing this Favour Ibude"
2025-11-04 23:06:21,https://www.linkedin.com/feed/update/urn%3Ali%3AugcPost%3A7390615652681805825,Sounds like an exciting event! Glad you had a great experience. 
2025-11-04 23:05:23,https://www.linkedin.com/feed/update/urn%3Ali%3AugcPost%3A7391353317962125312,Well done Nisha A K
2025-11-04 13:55:33,https://www.linkedin.com/feed/update/urn%3Ali%3Aactivity%3A7390833604236333056,Well done Razi Ammari
2025-11-04 12:44:32,https://www.linkedin.com/feed/update/urn%3Ali%3Aactivity%3A7388865200520790016,Azmain Inqiath That’s great
2025-11-04 08:30:38,https://www.linkedin.com/feed/update/urn%3Ali%3AugcPost%3A7391231522357551104,Happy birthday! Thank you for being part of my data analysis journey
2025-11-03 15:47:21,https://www.linkedin.com/feed/update/urn%3Ali%3AugcPost%3A7391033556308930560,Nice viz
2025-11-03 15:46:25,https://www.linkedin.com/feed/update/urn%3Ali%3AugcPost%3A7390579027725402112,Congratulations on your presentation
2025-11-03 15:45:07,https://www.linkedin.com/feed/update/urn%3Ali%3AugcPost%3A7390623917482332160,Well done! Great to see you building new skills
2025-11-03 15:41:19,https://www.linkedin.com/feed/update/urn%3Ali%3Aactivity%3A7390986748895465472,Well done! ChatGPT really is a great companion for Power BI projects
2025-11-03 15:40:15,https://www.linkedin.com/feed/update/urn%3Ali%3Aactivity%3A7386606187443630081,Nice visualization! Great storytelling and clean layout
2025-11-03 15:39:02,https://www.linkedin.com/feed/update/urn%3Ali%3AugcPost%3A7389218026279141376,Congratulations
2025-11-03 15:38:43,https://www.linkedin.com/feed/update/urn%3Ali%3AugcPost%3A7390610138220535808,Nice one! Excel visuals can be so impressive when used creatively
2025-11-03 15:37:27,https://www.linkedin.com/feed/update/urn%3Ali%3Aactivity%3A7390637005639925761,Great achievement! Congratulations on completing the course
2025-11-03 15:36:25,https://www.linkedin.com/feed/update/urn%3Ali%3Aactivity%3A7391096866974674944,Thanks for sharing! Time to take advantage of this
2025-11-03 15:35:19,https://www.linkedin.com/feed/update/urn%3Ali%3AugcPost%3A7390262830069010432,That’s amazing
2025-11-03 15:32:35,https://www.linkedin.com/feed/update/urn%3Ali%3AugcPost%3A7390072952731648001,Congratulations! Well deserved 
2025-11-03 15:31:34,https://www.linkedin.com/feed/update/urn%3Ali%3AugcPost%3A7391045356823711744,"Well done, Madam! 
Congratulations on this incredible achievement"
2025-11-03 15:29:43,https://www.linkedin.com/feed/update/urn%3Ali%3AugcPost%3A7390938749976686593,Well done KUGANRAJ K
2025-11-03 15:28:56,https://www.linkedin.com/feed/update/urn%3Ali%3Aactivity%3A7391106230347476993,"Really helpful breakdown, these prompts make writing cover letters so much easier"
2025-11-03 15:27:59,https://www.linkedin.com/feed/update/urn%3Ali%3AugcPost%3A7391057312683016192,Well done! Great work expanding your skills
2025-11-03 15:27:19,https://www.linkedin.com/feed/update/urn%3Ali%3Aactivity%3A7391112727475212288,Nice viz! Clean and insightful Priya Patel
2025-11-03 15:26:17,https://www.linkedin.com/feed/update/urn%3Ali%3AugcPost%3A7388653643794776064,"Congratulations Elizabeth O. Kayode
Your dedication and achievements are truly inspiring"
2025-11-03 15:24:16,https://www.linkedin.com/feed/update/urn%3Ali%3Aactivity%3A7391129038498680833,"This is an exciting topic Prof. Ramesh B Bist
AI and robotics are truly transforming food and animal systems"
2025-11-01 21:38:08,https://www.linkedin.com/feed/update/urn%3Ali%3AugcPost%3A7389834253129375746,God bless NC State! What a proud and inspiring moment.
2025-11-01 18:25:41,https://www.linkedin.com/feed/update/urn%3Ali%3AugcPost%3A7390089947699109888,"Well done, Prof  Dong Chen 
I’d love to join this amazing team someday."
2025-10-31 19:05:05,https://www.linkedin.com/feed/update/urn%3Ali%3Aactivity%3A7388865200520790016,Maximilian Hasler Thank you for sharing Sir
2025-10-30 16:59:05,https://www.linkedin.com/feed/update/urn%3Ali%3AugcPost%3A7389579228746248192,Congratulations 🎊
2025-10-29 23:59:07,https://www.linkedin.com/feed/update/urn%3Ali%3AugcPost%3A7389387207758737408,Well done
2025-10-29 09:55:59,https://www.linkedin.com/feed/update/urn%3Ali%3AugcPost%3A7387723130355642368,Such an inspiring event! Great representation and a proud moment for the Ghanaian student community in Iowa.
2025-10-29 09:20:01,https://www.linkedin.com/feed/update/urn%3Ali%3AugcPost%3A7388862356627394560,Nice viz! I’ll definitely join next month’s challenge
2025-10-29 09:18:53,https://www.linkedin.com/feed/update/urn%3Ali%3AugcPost%3A7389004612009365504,congratulations on being part of it
2025-10-29 09:17:05,https://www.linkedin.com/feed/update/urn%3Ali%3AugcPost%3A7388688785917755392,Nice viz! Great way to present education performance insights.
2025-10-29 09:13:56,https://www.linkedin.com/feed/update/urn%3Ali%3Aactivity%3A7388908934339739648,"This is so true,  Abimbola Arowolo, completing a course is just the starting point. Real growth happens when you apply what you’ve learned to real-world problems. Great insights"
2025-10-29 09:08:55,https://www.linkedin.com/feed/update/urn%3Ali%3Aactivity%3A7389198428104462336,"Nice presentation  Joshua Salami Peter 
 I had the opportunity to learn about CNNs during my Oracle AI certification, fascinating how they work."
2025-10-29 09:04:57,https://www.linkedin.com/feed/update/urn%3Ali%3AugcPost%3A7389142557185949696,"Congratulations 🎉  Crystal Andrea Dsouza 
Well done on earning this certification"
2025-10-29 09:02:33,https://www.linkedin.com/feed/update/urn%3Ali%3AugcPost%3A7388913567816781825,Nice visualization and well-presented insights 👏
2025-10-29 08:54:41,https://www.linkedin.com/feed/update/urn%3Ali%3Aactivity%3A7389186301301919744,"Congratulations 🎊  Kezia Agyemang-Saahene 
Well done on completing the program and gaining such valuable experience"
2025-10-29 00:02:03,https://www.linkedin.com/feed/update/urn%3Ali%3AugcPost%3A7388504261795590144,Great work!
2025-10-29 00:01:31,https://www.linkedin.com/feed/update/urn%3Ali%3Aactivity%3A7388489349761421313,"Truly inspiring story, José! A great reminder that it’s never too late to start over"
2025-10-28 23:59:43,https://www.linkedin.com/feed/update/urn%3Ali%3Aactivity%3A7388541550349139968,Well said Nworji Felista Obianuju the right chart can make all the difference in how insights are understood
2025-10-28 23:58:28,https://www.linkedin.com/feed/update/urn%3Ali%3AugcPost%3A7388951077964005376,Congratulations! Wishing you continued growth and success ahead
2025-10-28 17:52:52,https://www.linkedin.com/feed/update/urn%3Ali%3AugcPost%3A7184850606061154304,Congratulations 🎉 Kapila Karunakaran
2025-10-27 09:13:38,https://www.linkedin.com/feed/update/urn%3Ali%3Aactivity%3A7388239106524479488,Congratulations!
2025-10-27 09:05:31,https://www.linkedin.com/feed/update/urn%3Ali%3AugcPost%3A7388138786142113793,Well done Bismark Zebill Bakomora
2025-10-27 09:05:10,https://www.linkedin.com/feed/update/urn%3Ali%3Aactivity%3A7388477262104342528,Congratulations on this milestone! Your consistency and growth are truly inspiring
2025-10-27 09:03:54,https://www.linkedin.com/feed/update/urn%3Ali%3Aactivity%3A7388232848308174848,"Happy birthday, Anna Nsiah 
Wishing you joy, peace, and endless blessings 🎉🎂"
2025-10-27 09:02:30,https://www.linkedin.com/feed/update/urn%3Ali%3AugcPost%3A7388440796301217792,Well deserved! Keep leading with impact and innovation
2025-10-27 09:01:39,https://www.linkedin.com/feed/update/urn%3Ali%3Aactivity%3A7387737752899043328,"Congratulations Thelma Akama
Landing your first Upwork job is such a big step, well deserved!"
2025-10-27 09:00:15,https://www.linkedin.com/feed/update/urn%3Ali%3Aactivity%3A7388452136755380224,Well done on this incredible achievement Crystal Andrea Dsouza
2025-10-20 16:51:00,https://www.linkedin.com/feed/update/urn%3Ali%3AugcPost%3A7383386455257268224,Amazing milestone
2025-10-20 16:49:34,https://www.linkedin.com/feed/update/urn%3Ali%3Aactivity%3A7385933812058251264,"Well said  Deborah Kola, analysis starts with the brain, not the tool."
2025-10-20 16:42:09,https://www.linkedin.com/feed/update/urn%3Ali%3Aactivity%3A7375949151928262656,I like this! Great integration of AWS services and IaC.
2025-10-20 16:32:16,https://www.linkedin.com/feed/update/urn%3Ali%3Aactivity%3A7386000896909893632,"Well done, and congratulations on this great achievement!"
2025-10-20 16:03:25,https://www.linkedin.com/feed/update/urn%3Ali%3Aactivity%3A7385929017696342017,"Well said  Olufunmilola Olapeju Olaewe (MSc) 
Experience truly opens the doors money can’t at the start."
2025-10-18 10:43:02,https://www.linkedin.com/feed/update/urn%3Ali%3Aactivity%3A7384985986876846080,Love this
2025-10-18 09:26:50,https://www.linkedin.com/feed/update/urn%3Ali%3AugcPost%3A7384827980348370944,Love this Opeyemi Ayodeji
2025-10-18 09:22:38,https://www.linkedin.com/feed/update/urn%3Ali%3AugcPost%3A7384301956082700288,Love this
2025-10-18 09:20:54,https://www.linkedin.com/feed/update/urn%3Ali%3AugcPost%3A7382137470278066176,This is great Richard Ntifo
2025-10-18 09:19:47,https://www.linkedin.com/feed/update/urn%3Ali%3Aactivity%3A7384853214510370818,Love this Belinda Allotey
2025-10-18 09:11:20,https://www.linkedin.com/feed/update/urn%3Ali%3AugcPost%3A7385122407260262400,Well done Priscilla Addo
2025-10-18 09:10:58,https://www.linkedin.com/feed/update/urn%3Ali%3Aactivity%3A7383416703155609600,Great achievement Motunrayo Simbiat
2025-10-18 09:09:32,https://www.linkedin.com/feed/update/urn%3Ali%3AugcPost%3A7384956806202277888,Well done Oluwatimilehin Owolabi
2025-10-12 15:53:17,https://www.linkedin.com/feed/update/urn%3Ali%3AugcPost%3A7383053137328111616,Well done
2025-10-12 06:20:02,https://www.linkedin.com/feed/update/urn%3Ali%3Aactivity%3A7382977355788759040,Congratulations 🎉
2025-10-11 08:10:13,https://www.linkedin.com/feed/update/urn%3Ali%3AugcPost%3A7377062731004407808,ALBERTA BOTWE
2025-10-11 07:11:55,https://www.linkedin.com/feed/update/urn%3Ali%3AugcPost%3A7381966708107870208,Crystal Andrea Dsouza
2025-10-11 07:11:50,https://www.linkedin.com/feed/update/urn%3Ali%3AugcPost%3A7381966708107870208,Joshua Salami Peter Thank you
2025-10-09 21:21:32,https://www.linkedin.com/feed/update/urn%3Ali%3AugcPost%3A7381966708107870208,Hassan Adebanke Thank you
2025-10-09 16:25:31,https://www.linkedin.com/feed/update/urn%3Ali%3AugcPost%3A7381966708107870208,Thank you Martha Afful
2025-10-09 08:50:07,https://www.linkedin.com/feed/update/urn%3Ali%3AugcPost%3A7381966708107870208,Thank you George Amoako
2025-10-09 08:29:46,https://www.linkedin.com/feed/update/urn%3Ali%3AugcPost%3A7381966708107870208,"By the way, Oracle is currently offering free certifications, including this one, for a limited time. You can still join the race and earn yours before the offer ends this month!"
2025-10-06 19:36:24,https://www.linkedin.com/feed/update/urn%3Ali%3Aactivity%3A7380766952744583168,Well done
2025-10-06 19:36:13,https://www.linkedin.com/feed/update/urn%3Ali%3AugcPost%3A7376947557941305345,Thank you for sharing
2025-10-06 15:02:25,https://www.linkedin.com/feed/update/urn%3Ali%3Aactivity%3A7380953488572190720,Nice work Idowu Joshua
2025-10-06 13:03:31,https://www.linkedin.com/feed/update/urn%3Ali%3Aactivity%3A7380877783901675521,Hassan Adebanke
2025-10-06 07:50:09,https://www.linkedin.com/feed/update/urn%3Ali%3AugcPost%3A7380731019550801920,Love this
2025-10-02 09:55:47,https://www.linkedin.com/feed/update/urn%3Ali%3Aactivity%3A7378341615955767296,"Well said! Financial discipline is truly a lifelong skill, not just for the NSS period."
2025-10-02 09:53:58,https://www.linkedin.com/feed/update/urn%3Ali%3AugcPost%3A7379056222462783488,"Great work Victor Chidera Ugwu
The delivery performance and cost driver analysis really stand out."
2025-10-02 09:52:21,https://www.linkedin.com/feed/update/urn%3Ali%3AugcPost%3A7379051477853519872,Well done! Excited to see how you’ll keep driving impact in eyecare and beyond.
2025-09-29 14:33:45,https://www.linkedin.com/feed/update/urn%3Ali%3AugcPost%3A7377062731004407808,Acheampong Matthew
2025-09-26 15:48:59,https://www.linkedin.com/feed/update/urn%3Ali%3AugcPost%3A7377178371069296640,Well done Gyanankur Baruah
2025-09-26 11:24:31,https://www.linkedin.com/feed/update/urn%3Ali%3AugcPost%3A7377062731004407808,Joshua Salami Peter Thank you
2025-09-26 11:24:21,https://www.linkedin.com/feed/update/urn%3Ali%3AugcPost%3A7377062731004407808,Ayush Tiwary Thank you
2025-09-26 11:24:11,https://www.linkedin.com/feed/update/urn%3Ali%3AugcPost%3A7377062731004407808,Desmond Delali Yao Atuwo Thank you
2025-09-26 11:23:58,https://www.linkedin.com/feed/update/urn%3Ali%3AugcPost%3A7377062731004407808,Gyanankur Baruah Thank you
2025-09-26 11:23:51,https://www.linkedin.com/feed/update/urn%3Ali%3AugcPost%3A7377062731004407808,Hassan Adebanke Thank you
2025-09-25 19:10:19,https://www.linkedin.com/feed/update/urn%3Ali%3Aactivity%3A7377002567857422336,Well done! Truly inspiring to see your growth and resilience 👏
2025-09-25 19:09:18,https://www.linkedin.com/feed/update/urn%3Ali%3AugcPost%3A7376422334368481280,"Well done! Congratulations on your induction and new leadership roles, wishing you continued success ahead."
2025-09-25 19:07:57,https://www.linkedin.com/feed/update/urn%3Ali%3Aactivity%3A7376755785759883265,"Congratulations on this great achievement! 
Wishing you more growth and success ahead."
2025-09-24 09:33:13,https://www.linkedin.com/feed/update/urn%3Ali%3AugcPost%3A7368592031201406976,Esther Okyere Thank you
2025-09-22 09:57:14,https://www.linkedin.com/feed/update/urn%3Ali%3AugcPost%3A7374414900158181376,"Nice visualization and really strong insights, love how you connected HR metrics to business performance."
2025-09-18 08:52:04,https://www.linkedin.com/feed/update/urn%3Ali%3AugcPost%3A7373725433109913600,Congratulations!
2025-09-18 08:49:53,https://www.linkedin.com/feed/update/urn%3Ali%3AugcPost%3A7373995375998881792,"Nice visualization and insightful analysis, love how clearly the key findings are highlighted"
2025-09-18 08:48:55,https://www.linkedin.com/feed/update/urn%3Ali%3Aactivity%3A7373344341156823040,"Love this explanation, makes skewness and kurtosis so much clearer."
2025-09-18 08:47:29,https://www.linkedin.com/feed/update/urn%3Ali%3Aactivity%3A7335895297362927616,Spot on
2025-09-18 08:46:12,https://www.linkedin.com/feed/update/urn%3Ali%3Aactivity%3A7372962274887692288,"Well done Alassana Jallow
I really admire how you portray your culture and values in this journey."
2025-09-18 08:44:40,https://www.linkedin.com/feed/update/urn%3Ali%3Aactivity%3A7373989109297479680,"Congratulations on your new position Janet Azametsi-Mensah
Wishing you success in this new role."
2025-09-17 23:20:29,https://www.linkedin.com/feed/update/urn%3Ali%3AugcPost%3A7374218106677731328,I really like this initiative 👏
2025-09-16 10:28:30,https://www.linkedin.com/feed/update/urn%3Ali%3AugcPost%3A7373637268575531008,Congratulations on completing the McKinsey Forward Program 🎉
2025-09-16 09:46:26,https://www.linkedin.com/feed/update/urn%3Ali%3AugcPost%3A7370979711608463360,Well done and congratulations on starting this exciting new chapter
2025-09-16 09:44:38,https://www.linkedin.com/feed/update/urn%3Ali%3AugcPost%3A7373638603375104000,"Congratulations"
2025-09-16 09:44:16,https://www.linkedin.com/feed/update/urn%3Ali%3Aactivity%3A7373350596957016064,"Congratulations on this wonderful opportunity Bright Lutterodt
Wishing you success on your new journey."
2025-09-16 09:42:32,https://www.linkedin.com/feed/update/urn%3Ali%3AugcPost%3A7371259346716053504,"Great work Kelvin Ohenaku 
Let’s keep our motherland clean, there truly is no place like home."
2025-09-16 09:40:05,https://www.linkedin.com/feed/update/urn%3Ali%3AugcPost%3A7373306526347808768,"This looks really clean and well put together, great work Crystal Andrea Dsouza"
2025-09-16 09:37:06,https://www.linkedin.com/feed/update/urn%3Ali%3Aactivity%3A7372728785344897024,Congratulations on starting this new chapter at Penn! Wishing you growth and success as you navigate the program.
2025-09-16 09:32:24,https://www.linkedin.com/feed/update/urn%3Ali%3Aactivity%3A7373226576131559424,"Great post Joshua Salami Peter
For me, communicating insights effectively has had the biggest impact, it bridges the gap between data and decision-making."
2025-09-16 09:31:03,https://www.linkedin.com/feed/update/urn%3Ali%3AugcPost%3A7373078356042444800,"Congratulations on your successful defense and graduation Faith Oghenefogho Ohwofasa, PMPWishing you the very best as you step into this exciting new season."
2025-09-16 09:29:13,https://www.linkedin.com/feed/update/urn%3Ali%3AugcPost%3A7373191643924971520,Congratulations on this huge milestone! Wishing you the best as you begin the next chapter.
2025-09-16 09:28:07,https://www.linkedin.com/feed/update/urn%3Ali%3AugcPost%3A7373291670416683009,Nice visualization Victor Ugwu! The interactivity really makes the insights stand out.
2025-09-16 09:26:47,https://www.linkedin.com/feed/update/urn%3Ali%3Aactivity%3A7373329798799986688,This is such a powerful reminder that sometimes the biggest leaps come from the boldest risks.
2025-09-16 09:25:54,https://www.linkedin.com/feed/update/urn%3Ali%3AugcPost%3A7373033121551740928,"This is really clean and insightful, well done Odunlami Zainab"
2025-09-16 09:24:40,https://www.linkedin.com/feed/update/urn%3Ali%3AugcPost%3A7373378283297624064,"Well done Nyarko Theophilus, Exciting to see you applying your skills to renewable energy solutions."
2025-09-16 09:23:36,https://www.linkedin.com/feed/update/urn%3Ali%3Aactivity%3A7373275381430403072,Congrats on this milestone! Wishing you the best as you apply your new skills.
2025-09-16 09:22:38,https://www.linkedin.com/feed/update/urn%3Ali%3AugcPost%3A7373636828651835392,Congratulations on earning your certification
2025-09-16 09:21:55,https://www.linkedin.com/feed/update/urn%3Ali%3Aactivity%3A7373415359376289794,"Great perspective Victor Amadike, I agree that communication and problem-solving are what truly set analysts apart."
2025-09-16 09:20:12,https://www.linkedin.com/feed/update/urn%3Ali%3AugcPost%3A7373616700845633536,"Well done, this is such an inspiring full circle moment."
2025-09-13 16:25:24,https://www.linkedin.com/feed/update/urn%3Ali%3Aactivity%3A7372240277039767552,Excel really is such a powerful tool for bringing data stories to life.
2025-09-13 16:21:15,https://www.linkedin.com/feed/update/urn%3Ali%3AugcPost%3A7372178943682015232,"Great work on the dashboard, really nice visuals and valuable insights!"
2025-09-13 16:19:40,https://www.linkedin.com/feed/update/urn%3Ali%3Aactivity%3A7372663757686349824,Big congratulations to you and the team on this achievement🎉
2025-09-10 15:40:59,https://www.linkedin.com/feed/update/urn%3Ali%3AugcPost%3A7371548623832137728,David Somenu  👍📊
2025-09-09 19:42:00,https://www.linkedin.com/feed/update/urn%3Ali%3AugcPost%3A7368592031201406976,Hassan Adebanke Thank you
2025-09-09 19:41:49,https://www.linkedin.com/feed/update/urn%3Ali%3AugcPost%3A7368592031201406976,Acheampong Matthew Thank you
2025-09-09 17:05:40,https://www.linkedin.com/feed/update/urn%3Ali%3AugcPost%3A7369016122899218435,Moslem Mir
2025-09-09 13:21:05,https://www.linkedin.com/feed/update/urn%3Ali%3Aactivity%3A7371125559008968705,Ahmad Abubakar
2025-09-09 10:38:42,https://www.linkedin.com/feed/update/urn%3Ali%3Aactivity%3A7371125559008968705,Wisdom Dziedzoave 👍
2025-09-09 10:22:05,https://www.linkedin.com/feed/update/urn%3Ali%3AugcPost%3A7370895673367527424,Nice visualization and very insightful takeaways Abdullateef Shanu
2025-09-09 10:07:57,https://www.linkedin.com/feed/update/urn%3Ali%3Aactivity%3A7370881481419964416,"Thank you for sharing these valuable resources, this is really helpful Theophilus Mensah"
2025-09-09 10:06:23,https://www.linkedin.com/feed/update/urn%3Ali%3AugcPost%3A7367486748051791872,"Congratulations on your Distinction and this incredible milestone, well deserved Yooku Obiri"
2025-09-05 13:53:44,https://www.linkedin.com/feed/update/urn%3Ali%3Aactivity%3A7369706530893455361,Love this
2025-09-05 10:19:35,https://www.linkedin.com/feed/update/urn%3Ali%3AugcPost%3A7369634439372402690,Thank you for sharing
2025-09-05 08:31:28,https://www.linkedin.com/feed/update/urn%3Ali%3AugcPost%3A7369560775625039874,Love this! I’d be so glad to be part of this big family one day.
2025-09-04 15:30:33,https://www.linkedin.com/feed/update/urn%3Ali%3AugcPost%3A7368977274513133572,Congratulations bro! I’m also on track to complete my Oracle Cloud Analytics soon.
2025-09-04 15:25:52,https://www.linkedin.com/feed/update/urn%3Ali%3AugcPost%3A7369301387710472192,"Truly inspiring, this is how we build a great and sustainable future."
2025-09-04 11:33:32,https://www.linkedin.com/feed/update/urn%3Ali%3AugcPost%3A7368592031201406976,Thank you AmaliTech
2025-09-04 11:33:11,https://www.linkedin.com/feed/update/urn%3Ali%3AugcPost%3A7368592031201406976,Gabriel Ofori Boateng
2025-09-04 11:32:51,https://www.linkedin.com/feed/update/urn%3Ali%3Aactivity%3A7368591518506356736,Amazon Web Services (AWS) Thank you
2025-09-04 10:24:23,https://www.linkedin.com/feed/update/urn%3Ali%3AugcPost%3A7369299366651543552,Appreciate the work you’re doing to connect opportunities and empower entrepreneurs across Africa.
2025-09-04 10:20:16,https://www.linkedin.com/feed/update/urn%3Ali%3Aactivity%3A7369024064390180865,"I agree, discipline is the foundation of lasting success."
2025-09-04 10:16:33,https://www.linkedin.com/feed/update/urn%3Ali%3Aactivity%3A7369087006389202944,"Nicely done, those insights are clear and practical!"
2025-09-04 10:15:37,https://www.linkedin.com/feed/update/urn%3Ali%3Aactivity%3A7369278075831767045,"Congratulations, Madam! Wishing you success in your new role."
2025-09-04 10:14:15,https://www.linkedin.com/feed/update/urn%3Ali%3AugcPost%3A7369309454175014914,"Keep it up, great start to your journey! Godsway Wisdom Tsekpetse"
2025-09-03 17:00:54,https://www.linkedin.com/feed/update/urn%3Ali%3AugcPost%3A7369016122899218435,Olawale Odofin📊  👍
2025-09-03 15:16:46,https://www.linkedin.com/feed/update/urn%3Ali%3AugcPost%3A7361375793328910336,"Thanks for sharing this breakdown. I haven’t used Looker Studio before, but I’ll definitely give it a try."
2025-09-03 15:13:41,https://www.linkedin.com/feed/update/urn%3Ali%3Aactivity%3A7368989062944268288,"Totally agree, planning is one of the most underrated skills."
2025-09-03 15:12:21,https://www.linkedin.com/feed/update/urn%3Ali%3AugcPost%3A7365826611356553216,"Thanks for sharing this, Atomic Habits is such a powerful perspective shift."
2025-09-03 15:11:09,https://www.linkedin.com/feed/update/urn%3Ali%3Aactivity%3A7368568384839450624,"Appreciate you breaking this down, very useful advice."
2025-09-03 15:10:08,https://www.linkedin.com/feed/update/urn%3Ali%3AugcPost%3A7368642842921033729,"Great work, this dashboard sounds both detailed and practical!"
2025-09-03 15:09:07,https://www.linkedin.com/feed/update/urn%3Ali%3AugcPost%3A7368726699724779522,"Consistency, practice, community, and mentorship; such powerful lessons to carry forward. Great work on your learning journey!"
2025-09-03 15:03:33,https://www.linkedin.com/feed/update/urn%3Ali%3Aactivity%3A7368986716688379907,"Thank you for sharing this, it’s a great reminder that growth in data really comes from habits, not just titles."
2025-09-03 15:01:44,https://www.linkedin.com/feed/update/urn%3Ali%3Aactivity%3A7368737465295060992,Great insights and a really nice visualization-- well done!
2025-09-03 15:00:44,https://www.linkedin.com/feed/update/urn%3Ali%3Aactivity%3A7366503788800536578,"Absolutely, simplicity is often the most powerful approach to dashboard design."
2025-09-03 14:58:46,https://www.linkedin.com/feed/update/urn%3Ali%3Aactivity%3A7369016069912535042,"Consistency in the AWS Cloud Practitioner course really paid off, I almost quit at some point, especially when I wasn’t feeling well, but reminding myself why I started kept me going."
2025-09-03 14:54:46,https://www.linkedin.com/feed/update/urn%3Ali%3Aactivity%3A7368976085037912064,"A must-read book, packed with valuable lessons in financial literacy."
2025-09-03 14:53:20,https://www.linkedin.com/feed/update/urn%3Ali%3AugcPost%3A7368994375047053312,"I really like this framework; clear goals, issues, and actions make dashboards much more valuable as decision-making tools."
2025-09-03 14:51:55,https://www.linkedin.com/feed/update/urn%3Ali%3Aactivity%3A7368991259895504898,"I completely agree with you, sticking with a skill until the end makes all the difference in growth and confidence."
2025-09-03 14:50:48,https://www.linkedin.com/feed/update/urn%3Ali%3AugcPost%3A7368711942061862913,"Keep going Emmanuel Yeboah Kusi, SQL is such a powerful and essential skill for every data analyst"
2025-09-03 14:49:34,https://www.linkedin.com/feed/update/urn%3Ali%3AugcPost%3A7368938043354906625,"Well done John Opare, wishing you the best as you step into your final year and finish strong"
2025-09-03 14:44:55,https://www.linkedin.com/feed/update/urn%3Ali%3Aactivity%3A7368988518624272384,"Truly inspiring story, Peter Bawuah, MA, the ‘Arrow of Wisdom’ indeed!"
2025-09-02 16:27:50,https://www.linkedin.com/feed/update/urn%3Ali%3AugcPost%3A7368592031201406976,Thank you Martha Afful
2025-09-02 13:40:06,https://www.linkedin.com/feed/update/urn%3Ali%3AugcPost%3A7368592031201406976,FREDERICK ADDAI
2025-09-02 13:40:01,https://www.linkedin.com/feed/update/urn%3Ali%3AugcPost%3A7368592031201406976,Md. Tanvir Ahmed
2025-09-02 13:39:57,https://www.linkedin.com/feed/update/urn%3Ali%3AugcPost%3A7368592031201406976,David Somenu
2025-09-01 17:03:47,https://www.linkedin.com/feed/update/urn%3Ali%3Aactivity%3A7368326097261711362,"Great work, Dr.  Daniela Jones, would love the opportunity to be part of such an inspiring team in the future."
2025-09-01 15:51:52,https://www.linkedin.com/feed/update/urn%3Ali%3AugcPost%3A7368213279220846593,"Nice work on the visualization. I also enjoy the visual side more, especially bringing the data story to life."
2025-09-01 15:49:55,https://www.linkedin.com/feed/update/urn%3Ali%3AugcPost%3A7366845840834912256,"Impressive breakdown, really like how you combined SQL for deep analysis with Power BI to highlight clear opportunities for growth."
2025-09-01 15:48:12,https://www.linkedin.com/feed/update/urn%3Ali%3AugcPost%3A7363552049168338945,"Great work, really like how the slicers and navigation make the dashboard more interactive and easy to explore."
2025-09-01 15:46:02,https://www.linkedin.com/feed/update/urn%3Ali%3Aactivity%3A7365665013862125568,"Completely agree, showing up consistently with value makes all the difference on LinkedIn."
2025-09-01 15:44:42,https://www.linkedin.com/feed/update/urn%3Ali%3Aactivity%3A7366871853933465601,"Congratulations on this milestone, welcome to the data analytics community and proud to have you as a fellow ALX GHANA alum"
2025-09-01 15:41:52,https://www.linkedin.com/feed/update/urn%3Ali%3Aactivity%3A7368153168465039360,"Wishing you a productive and fulfilling September—may this new month bring growth, progress, and plenty of reasons to celebrate."
2025-09-01 15:32:08,https://www.linkedin.com/feed/update/urn%3Ali%3AugcPost%3A7366208822551408642,"Wishing you a great semester ahead, excited to see all the growth and milestones you’ll achieve this fall Andriana Osei Tutu"
2025-08-28 16:24:13,https://www.linkedin.com/feed/update/urn%3Ali%3AugcPost%3A7366030697653772288,Congratulations 🎉
2025-08-28 13:31:03,https://www.linkedin.com/feed/update/urn%3Ali%3Aactivity%3A7366424990700773376,Thank you for the repost Kelvin Frimpong
2025-08-27 17:01:30,https://www.linkedin.com/feed/update/urn%3Ali%3Aactivity%3A7360985518903386114,"Count me in, can’t wait to learn from this Dana Suliman"
2025-08-27 16:21:27,https://www.linkedin.com/feed/update/urn%3Ali%3Aactivity%3A7366424990700773376,Samim Imtiaz Thank you
2025-08-27 13:50:21,https://www.linkedin.com/feed/update/urn%3Ali%3Aactivity%3A7366424990700773376,Mayank Sahani Thank you
2025-08-27 10:36:38,https://www.linkedin.com/feed/update/urn%3Ali%3Aactivity%3A7363293524634619905,"Happy Birthday! 🎉 Wishing you more joy, blessings, and fulfillment in the year ahead."
2025-08-27 10:35:52,https://www.linkedin.com/feed/update/urn%3Ali%3Aactivity%3A7366371419632427009,"Really insightful breakdown, retention definitely looks like the biggest lever for long-term growth here."
2025-08-27 10:35:07,https://www.linkedin.com/feed/update/urn%3Ali%3Aactivity%3A7366341256446230528,Nice viz
2025-08-27 10:34:50,https://www.linkedin.com/feed/update/urn%3Ali%3AugcPost%3A7366028397161963520,"Huge congratulations on starting this new chapter, wishing you all the best on your PhD journey."
2025-08-27 10:33:44,https://www.linkedin.com/feed/update/urn%3Ali%3Aactivity%3A7366154939124850688,"That’s such a valuable session, digital presence really does shape how people see us before we even meet."
2025-08-27 10:32:40,https://www.linkedin.com/feed/update/urn%3Ali%3AugcPost%3A7366111194773880833,"Love how you broke this down into clear, actionable insights, really shows the power of data in guiding strategy."
2025-08-27 10:31:35,https://www.linkedin.com/feed/update/urn%3Ali%3Aactivity%3A7366369742464442369,"Powerful reminder that the real opportunity often lies in scarcity, not abundance.
Love this Francis Mbroh"
2025-08-27 10:27:42,https://www.linkedin.com/feed/update/urn%3Ali%3Aactivity%3A7366409220004466689,"This is a really practical way to turn raw datasets into real projects, thanks for sharing this approach Joycelyn Otchere"
2025-08-26 12:47:15,https://www.linkedin.com/feed/update/urn%3Ali%3Aactivity%3A7366039728409698304,Wisdom Dziedzoave
2025-08-26 08:57:15,https://www.linkedin.com/feed/update/urn%3Ali%3AugcPost%3A7364623262200279040,Great to see initiatives like this equipping trainers to strengthen local businesses and create lasting impact.
2025-08-26 08:55:21,https://www.linkedin.com/feed/update/urn%3Ali%3Aactivity%3A7365752423560220673,"This really resonates. I’ve noticed the same thing, once you highlight your specific strengths instead of staying too broad, opportunities open up. Power BI is definitely a strong niche to stand on."
2025-08-26 08:54:22,https://www.linkedin.com/feed/update/urn%3Ali%3Aactivity%3A7363862919060590592,"Great work team, exciting times ahead for Dynamo"
2025-08-26 08:53:25,https://www.linkedin.com/feed/update/urn%3Ali%3Aactivity%3A7365755475159646208,Congratulations on having your papers accepted and being shortlisted for the award. Wishing you all the best at the conference in Orlando.
2025-08-26 08:52:31,https://www.linkedin.com/feed/update/urn%3Ali%3AugcPost%3A7363676201355300865,"Solid work, this feels more like storytelling with data than just reporting numbers."
2025-08-26 08:51:02,https://www.linkedin.com/feed/update/urn%3Ali%3AugcPost%3A7364470998840078336,Congratulations on completing your internship! It’s great to see how much you’ve grown both technically and personally through this experience.
2025-08-26 08:47:51,https://www.linkedin.com/feed/update/urn%3Ali%3AugcPost%3A7365667740738535426,Great reflections Akosua Agyekumwaa Agyekum I appreciate how you highlighted both the lessons learned and the need to focus on lasting value for people and industries
2025-08-26 08:45:44,https://www.linkedin.com/feed/update/urn%3Ali%3AugcPost%3A7364958425664872448,Congratulations on completing your internship and gaining those diverse skills Zainab Abubakar
2025-08-26 08:44:00,https://www.linkedin.com/feed/update/urn%3Ali%3AugcPost%3A7364456282654666754,"Wishing Kofi and Kwaku the very best on their journeys, they’re already off to a strong start."
2025-08-26 08:42:23,https://www.linkedin.com/feed/update/urn%3Ali%3AugcPost%3A7366000292347133953,This resonates deeply. Many of us grew up with the belief that a ‘stable job’ was the only path. It’s inspiring to see how you’ve redefined success through freedom and impact. Keep building Gloria Norvor
2025-08-23 12:22:56,https://www.linkedin.com/feed/update/urn%3Ali%3AugcPost%3A7363419937706565632,Well done Nina Ikpe
2025-08-23 12:22:14,https://www.linkedin.com/feed/update/urn%3Ali%3AugcPost%3A7364197517246230528,Thank you Alfred Opare Saforo
2025-08-23 12:21:09,https://www.linkedin.com/feed/update/urn%3Ali%3AugcPost%3A7364673919255011329,"My biggest takeaway is that no job is ‘too small’ if it creates impact and puts food on the table. True success is about value, not titles."
2025-08-23 12:20:00,https://www.linkedin.com/feed/update/urn%3Ali%3Aactivity%3A7364601505053601793,This is clean
2025-08-23 12:19:40,https://www.linkedin.com/feed/update/urn%3Ali%3Aactivity%3A7364905547646611456,"This is spot on 👏 I used to believe the ‘you need to know everything before applying’ myth. 
Learning by doing and focusing on problem-solving has made all the difference for me."
2025-08-23 12:18:07,https://www.linkedin.com/feed/update/urn%3Ali%3Aactivity%3A7364925620608212992,"Hi
I’m Elvis Frimpong 
My belief is consistency; it always pays off in the long run"
2025-08-23 08:12:21,https://www.linkedin.com/feed/update/urn%3Ali%3Aactivity%3A7364672763845824512,"Solid principles. For me, consistency and adaptability have been key guiding forces."
2025-08-23 08:02:11,https://www.linkedin.com/feed/update/urn%3Ali%3Aactivity%3A7364689981103136769,"Nice visualization, really clean work 👌"
2025-08-22 21:46:43,https://www.linkedin.com/feed/update/urn%3Ali%3Aactivity%3A7364029795816370179,Definitely worth reading
2025-08-22 19:13:02,https://www.linkedin.com/feed/update/urn%3Ali%3AugcPost%3A7364707080684945410,Noted.
2025-08-21 11:00:43,https://www.linkedin.com/feed/update/urn%3Ali%3Aactivity%3A7363942654033698818,Congratulations Prof. Mirian Velay-Lizancos
2025-08-20 18:26:35,https://www.linkedin.com/feed/update/urn%3Ali%3Aactivity%3A7363672571550072832,Reagan Jeezel
2025-08-20 13:44:44,https://www.linkedin.com/feed/update/urn%3Ali%3AugcPost%3A7363916965091893248,"Great work Kwame Oduro 
Keep pushing forward
The future is exciting"
2025-08-20 13:15:52,https://www.linkedin.com/feed/update/urn%3Ali%3Aactivity%3A7363672571550072832,Gyanankur Baruah
2025-08-20 11:51:45,https://www.linkedin.com/feed/update/urn%3Ali%3Aactivity%3A7363672571550072832,"ALBERTA BOTWE yes, I did it🥂"
2025-08-20 08:58:58,https://www.linkedin.com/feed/update/urn%3Ali%3Aactivity%3A7363293223252856833,Samuel Obeng Dapaah
2025-08-20 08:57:12,https://www.linkedin.com/feed/update/urn%3Ali%3Aactivity%3A7363672571550072832,Crystal Andrea Dsouza
2025-08-20 08:57:02,https://www.linkedin.com/feed/update/urn%3Ali%3Aactivity%3A7363672571550072832,Thank you Md. Tanvir Ahmed
2025-08-20 08:56:50,https://www.linkedin.com/feed/update/urn%3Ali%3Aactivity%3A7363672571550072832,Ebenezer Opoku
2025-08-20 08:56:43,https://www.linkedin.com/feed/update/urn%3Ali%3Aactivity%3A7363672571550072832,Joshua Salami Peter
2025-08-20 08:56:34,https://www.linkedin.com/feed/update/urn%3Ali%3Aactivity%3A7363672571550072832,Thank you for the support David Somenu
2025-08-20 08:55:36,https://www.linkedin.com/feed/update/urn%3Ali%3Aactivity%3A7363672571550072832,"Thank you Amarachi Grace Agiri, PMP®"
2025-08-19 22:52:42,https://www.linkedin.com/feed/update/urn%3Ali%3Aactivity%3A7363672571550072832,Albert Afari
2025-08-19 22:52:19,https://www.linkedin.com/feed/update/urn%3Ali%3Aactivity%3A7363672571550072832,Dosantos Mugume
2025-08-19 22:01:21,https://www.linkedin.com/feed/update/urn%3Ali%3Aactivity%3A7363672571550072832,Emmanuel Obeng Thanks a lot! 🎉 I really appreciate the support
2025-08-19 22:00:28,https://www.linkedin.com/feed/update/urn%3Ali%3Aactivity%3A7363672571550072832,"Kwame Oduro Thank you so much, brother 🙌. Your support and encouragement really pushed me through. Onto the next milestone together🚀🎉"
2025-08-19 21:50:37,https://www.linkedin.com/feed/update/urn%3Ali%3Aactivity%3A7363672571550072832,Victor Ugwu Thank you
2025-08-19 21:48:45,https://www.linkedin.com/feed/update/urn%3Ali%3Aactivity%3A7363672571550072832,Victor Amadike Thank you
2025-08-19 18:19:39,https://www.linkedin.com/feed/update/urn%3Ali%3Aactivity%3A7363293223252856833,Dosantos Mugume
2025-08-19 07:31:43,https://www.linkedin.com/feed/update/urn%3Ali%3Aactivity%3A7363293223252856833,Gyanankur Baruah  🙏
2025-08-19 07:31:22,https://www.linkedin.com/feed/update/urn%3Ali%3Aactivity%3A7363293223252856833,Victor Amadike Thank you bro
2025-08-19 07:30:49,https://www.linkedin.com/feed/update/urn%3Ali%3Aactivity%3A7363293223252856833,Esther Shaba Thank you
2025-08-18 21:33:52,https://www.linkedin.com/feed/update/urn%3Ali%3Aactivity%3A7363293223252856833,ALBERTA BOTWE
2025-08-18 20:12:51,https://www.linkedin.com/feed/update/urn%3Ali%3Aactivity%3A7363293223252856833,Thank you
2025-08-18 19:37:23,https://www.linkedin.com/feed/update/urn%3Ali%3Aactivity%3A7363040878363357184,Congrats Emmanuel! 🎉
2025-08-18 16:50:43,https://www.linkedin.com/feed/update/urn%3Ali%3Aactivity%3A7363191173324189697,"Love this, Sylvester Tetteh"
2025-08-15 14:51:39,https://www.linkedin.com/feed/update/urn%3Ali%3AugcPost%3A7361710610499235842,"Love this, Idowu"
2025-08-15 14:50:46,https://www.linkedin.com/feed/update/urn%3Ali%3Aactivity%3A7361350869893660674,"Absolutely, Consistency is key and it always pays off."
2025-08-15 14:48:45,https://www.linkedin.com/feed/update/urn%3Ali%3Aactivity%3A7361343384910721024,"Your matriculation picture is lovely 😂 Welcome to LinkedIn, Christine!"
2025-08-15 14:47:13,https://www.linkedin.com/feed/update/urn%3Ali%3Aactivity%3A7362076222350077953,"Nice work! 👏 You clearly put in a lot of effort, and the analysis shows it."
2025-08-15 14:44:35,https://www.linkedin.com/feed/update/urn%3Ali%3AugcPost%3A7362001600879456256,Great work! 👏 Love how you incorporated Power Pivot and DAX into the dashboard.
2025-08-15 14:40:48,https://www.linkedin.com/feed/update/urn%3Ali%3AugcPost%3A7361630883654586368,"Well deserved, congratulations! 🎉 To God be the glory."
2025-08-15 14:39:45,https://www.linkedin.com/feed/update/urn%3Ali%3AugcPost%3A7361820694344601601,"Love this, Gerardo Antonio"
2025-08-15 14:39:22,https://www.linkedin.com/feed/update/urn%3Ali%3AugcPost%3A7361790893751734272,"Congratulations, bro! 🎉 Really happy for you and wishing you the best at Warwick."
2025-08-15 14:26:34,https://www.linkedin.com/feed/update/urn%3Ali%3Aactivity%3A7362053802725666817,Congrats Sueda! 🎉
2025-08-12 19:14:54,https://www.linkedin.com/feed/update/urn%3Ali%3AugcPost%3A7351256292054732801,Dosantos Mugume  🎉
2025-08-12 16:39:33,https://www.linkedin.com/feed/update/urn%3Ali%3AugcPost%3A7360966337982083073,"🎉 Major achievement, Dosantos Mugume"
2025-08-11 20:01:44,https://www.linkedin.com/feed/update/urn%3Ali%3AugcPost%3A7360664619108950018,Well done Akah Harmony
2025-08-11 19:59:53,https://www.linkedin.com/feed/update/urn%3Ali%3AugcPost%3A7359466881990258690,💡 Great insight
2025-08-11 19:59:39,https://www.linkedin.com/feed/update/urn%3Ali%3AugcPost%3A7359866613480808448,"Love this, Francis"
2025-08-11 18:48:17,https://www.linkedin.com/feed/update/urn%3Ali%3Aactivity%3A7359901279633969152,Thanks for sharing Victor Amadike
2025-08-11 18:42:21,https://www.linkedin.com/feed/update/urn%3Ali%3Aactivity%3A7360647965134221312,"Sounds like such an insightful event, love the takeaways on AI, data privacy, and personal branding"
2025-08-11 18:27:05,https://www.linkedin.com/feed/update/urn%3Ali%3AugcPost%3A7360655678429888516,Love this
2025-08-11 17:40:02,https://www.linkedin.com/feed/update/urn%3Ali%3AugcPost%3A7360568502899896320,"Love this,  Victor Ugwu"
2025-08-11 16:01:20,https://www.linkedin.com/feed/update/urn%3Ali%3Aactivity%3A7360543042098933760,Love this
2025-08-09 11:06:01,https://www.linkedin.com/feed/update/urn%3Ali%3AugcPost%3A7358770813023473667,"Love this, Amaka"
2025-08-09 11:01:01,https://www.linkedin.com/feed/update/urn%3Ali%3AugcPost%3A7359673959119753217,💡 Great insight
2025-08-09 10:24:19,https://www.linkedin.com/feed/update/urn%3Ali%3Aactivity%3A7359596050355015680,I'm interested
2025-08-09 10:21:15,https://www.linkedin.com/feed/update/urn%3Ali%3Aactivity%3A7359226375301484544,"#Interested – I have a Bachelor’s degree and experience with Excel, SQL, Power BI, and Tableau. Looking forward to the opportunity."
2025-08-08 20:03:19,https://www.linkedin.com/feed/update/urn%3Ali%3Aactivity%3A7359624101864370177,"Love to see it! Two years of work paying off, excited for what’s next for you and your brownies👏"
2025-08-08 17:11:58,https://www.linkedin.com/feed/update/urn%3Ali%3AugcPost%3A7359571793382109186,Nice work
2025-08-08 16:16:17,https://www.linkedin.com/feed/update/urn%3Ali%3AugcPost%3A7359513773927186435,Nicely done! Clean design and useful insights.
2025-08-08 16:14:29,https://www.linkedin.com/feed/update/urn%3Ali%3Aactivity%3A7357471693856030720,"Absolutely beautiful testimony. Congratulations on this milestone, and glory to God for the journey!"
2025-08-08 16:10:59,https://www.linkedin.com/feed/update/urn%3Ali%3AugcPost%3A7356321555527741444,"Love to see this! Looks like a great learning opportunity, wishing you more wins as you build with AI."
2025-08-08 16:07:49,https://www.linkedin.com/feed/update/urn%3Ali%3AugcPost%3A7359549572202811392,"Big congratulations! That’s a valuable hands-on experience, wishing you continued success in environmental data science."
2025-08-08 16:06:26,https://www.linkedin.com/feed/update/urn%3Ali%3AugcPost%3A7359178725332000768,Powerful insights! Every point is a reminder to be intentional and prepared. Thanks for sharing this.
2025-08-08 16:03:56,https://www.linkedin.com/feed/update/urn%3Ali%3AugcPost%3A7358378869248212992,Huge congrats on this honor! Wishing you the very best on your journey ahead.
2025-08-08 16:03:14,https://www.linkedin.com/feed/update/urn%3Ali%3AugcPost%3A7359254208342024192,Awesome work! Real projects like this really bring those Power BI skills to life.
2025-08-08 16:02:02,https://www.linkedin.com/feed/update/urn%3Ali%3Aactivity%3A7359252104349188096,"This is too real 😭! Thanks for the reminder, and good luck with your interview. You’ve got this!"
2025-08-08 16:00:40,https://www.linkedin.com/feed/update/urn%3Ali%3Aactivity%3A7359550535105978368,"So true. The certificate opens the door, but it’s consistency and visibility that keep you moving forward."
2025-08-08 15:59:13,https://www.linkedin.com/feed/update/urn%3Ali%3AugcPost%3A7359493586679140354,"Well done  Md. Tanvir Ahmed, a solid step forward in your data journey."
2025-08-08 15:57:06,https://www.linkedin.com/feed/update/urn%3Ali%3AugcPost%3A7359572215685599232,"Great work! Power BI is a powerful tool, and it’s clear you’re getting the hang of it fast."
2025-08-08 15:55:53,https://www.linkedin.com/feed/update/urn%3Ali%3Aactivity%3A7359552470550818816,Impressive dashboard! Love how you balanced usability with deep insights.
2025-08-08 15:39:38,https://www.linkedin.com/feed/update/urn%3Ali%3AugcPost%3A7359280397672714242,"Well done Samiya Fyffe 
Sounds like an amazing internship experience, love how you combined full-stack dev with meaningful team engagement."
2025-08-08 13:14:25,https://www.linkedin.com/feed/update/urn%3Ali%3AugcPost%3A7359516432994332674,Congrats Esther! 🎉
2025-08-08 12:42:12,https://www.linkedin.com/feed/update/urn%3Ali%3Aactivity%3A7359552964342026241,"Love this, Elijah"
2025-08-08 11:12:47,https://www.linkedin.com/feed/update/urn%3Ali%3Aactivity%3A7358747310027087873,"Love this, Joshua Salami"
2025-08-08 10:55:54,https://www.linkedin.com/feed/update/urn%3Ali%3Aactivity%3A7359340624728223744,Nice viz
2025-08-08 10:44:55,https://www.linkedin.com/feed/update/urn%3Ali%3Aactivity%3A7359232922668756992,Congrats Alphious! 🎉
2025-08-08 07:26:31,https://www.linkedin.com/feed/update/urn%3Ali%3Aactivity%3A7359448706485481472,Congrats Samuel! 🎉
2025-08-07 17:04:19,https://www.linkedin.com/feed/update/urn%3Ali%3AugcPost%3A7358113186459308034,Congratulations 🎉
2025-08-07 17:04:04,https://www.linkedin.com/feed/update/urn%3Ali%3Aactivity%3A7356629199039672320,"🎉 Major achievement, Jimmy"
2025-08-07 17:03:30,https://www.linkedin.com/feed/update/urn%3Ali%3AugcPost%3A7358999236971016192,Congrats Chinedu! 🎉
2025-08-07 17:03:14,https://www.linkedin.com/feed/update/urn%3Ali%3AugcPost%3A7355557084974735362,"Love this, Edwige"
2025-08-07 17:02:57,https://www.linkedin.com/feed/update/urn%3Ali%3AugcPost%3A7359079370625343489,"Love this, Divyansh"
2025-08-07 16:58:46,https://www.linkedin.com/feed/update/urn%3Ali%3AugcPost%3A7358896630659436545,Congratulations! 🎉
2025-08-07 16:58:36,https://www.linkedin.com/feed/update/urn%3Ali%3AugcPost%3A7357445570635939840,Well done
2025-08-07 16:51:49,https://www.linkedin.com/feed/update/urn%3Ali%3Aactivity%3A7358860502652858368,"Love this take, Silvia"
2025-08-07 16:51:28,https://www.linkedin.com/feed/update/urn%3Ali%3AugcPost%3A7358813340845924353,Congratulations!
2025-08-07 16:50:55,https://www.linkedin.com/feed/update/urn%3Ali%3AugcPost%3A7358128319801843712,"Love this viz! 
Simple and effective"
2025-08-07 16:50:05,https://www.linkedin.com/feed/update/urn%3Ali%3Aactivity%3A7358448171695460352,Love this viz! Simple and effective
2025-08-07 16:49:35,https://www.linkedin.com/feed/update/urn%3Ali%3AugcPost%3A7358755738137092097,Simplicity always win. Thank you for sharing Princess Onwubuche
2025-08-07 16:47:59,https://www.linkedin.com/feed/update/urn%3Ali%3AugcPost%3A7358863610590167044,"You did it! 🎉 So proud of you, can’t wait to see what’s next."
2025-08-07 16:46:46,https://www.linkedin.com/feed/update/urn%3Ali%3AugcPost%3A7358954381452394496,Clean and insightful visualization — great job!
2025-08-07 13:54:19,https://www.linkedin.com/feed/update/urn%3Ali%3AugcPost%3A7359005905994080256,Nice dashboard👍
2025-08-02 17:48:53,https://www.linkedin.com/feed/update/urn%3Ali%3Aactivity%3A7356296492816482305,"Love this, Edwige"
2025-08-02 17:40:31,https://www.linkedin.com/feed/update/urn%3Ali%3AugcPost%3A7356670093189074946,"Thanks for sharing, Elvis Ekow"
2025-08-02 17:39:46,https://www.linkedin.com/feed/update/urn%3Ali%3Aactivity%3A7356894006699573248,Can't wait to see where your R&D journey takes you next.
2025-08-02 17:31:03,https://www.linkedin.com/feed/update/urn%3Ali%3AugcPost%3A7357339500114538496,Nice viz
2025-08-02 17:29:21,https://www.linkedin.com/feed/update/urn%3Ali%3AugcPost%3A7357302359443595264,"Love this  Mirabel Kyeremateng 
Your passion for energy solutions shines through, and it’s inspiring how you connect classroom learning to real-world impact. The future of energy is brighter with engineers like you! ⚡"
2025-08-02 17:27:35,https://www.linkedin.com/feed/update/urn%3Ali%3Aactivity%3A7357328593120636928,"Love this, Jones"
2025-08-02 17:26:34,https://www.linkedin.com/feed/update/urn%3Ali%3Aactivity%3A7355886054161244160,Nice viz
2025-08-02 17:26:17,https://www.linkedin.com/feed/update/urn%3Ali%3AugcPost%3A7353632129961852928,"👏 Well deserved, Naveen"
2025-08-02 17:26:00,https://www.linkedin.com/feed/update/urn%3Ali%3AugcPost%3A7357094771753918465,"Amazing progress in just three months, Cherno! Your work on the pneumonia detector and study sessions is inspiring."
2025-08-01 10:31:10,https://www.linkedin.com/feed/update/urn%3Ali%3AugcPost%3A7356730140866854912,"This is more than a milestone, it’s a powerful step toward reshaping health policy across Africa with heart and intellect."
2025-08-01 10:28:37,https://www.linkedin.com/feed/update/urn%3Ali%3AugcPost%3A7356741789149552640,"Love this, Daniel"
2025-07-31 07:59:21,https://www.linkedin.com/feed/update/urn%3Ali%3Aactivity%3A7356411705523904512,"Absolutely, AI should be part of basic education because the earlier we understand it, the better prepared we'll be for the world we're already living in."
2025-07-30 17:32:46,https://www.linkedin.com/feed/update/urn%3Ali%3AugcPost%3A7356370892492365824,Congrats Paa Kwasi Saka! 🎉
2025-07-28 14:03:19,https://www.linkedin.com/feed/update/urn%3Ali%3AugcPost%3A7351256292054732801,Mayank Sahani
2025-07-26 08:58:14,https://www.linkedin.com/feed/update/urn%3Ali%3Aactivity%3A7354759779367477248,🎉 Excited for you
2025-07-26 07:27:33,https://www.linkedin.com/feed/update/urn%3Ali%3AugcPost%3A7354538187764989953,"Love this, Chukwudumebi Oscar"
2025-07-25 10:16:28,https://www.linkedin.com/feed/update/urn%3Ali%3AugcPost%3A7351256292054732801,Ruth Iheosonye
2025-07-25 10:16:21,https://www.linkedin.com/feed/update/urn%3Ali%3AugcPost%3A7351256292054732801,Esther Okyere Thank you
2025-07-24 19:48:13,https://www.linkedin.com/feed/update/urn%3Ali%3Aactivity%3A7354040367438045184,"Hope Ahiagbah, MPhil Thank you! That line really stuck with me too. It's amazing how steady progress builds real confidence over time."
2025-07-24 19:47:18,https://www.linkedin.com/feed/update/urn%3Ali%3Aactivity%3A7354040367438045184,"ALBERTA BOTWE I really appreciate that, thank you! Sometimes sticking with it makes all the difference. Glad I didn’t quit."
2025-07-24 19:46:35,https://www.linkedin.com/feed/update/urn%3Ali%3Aactivity%3A7354040367438045184,"Thanks so much for the kind words! 🙏 I'm really glad it resonated with you. We all have those tough moments, just got to keep going.
Elia Somuah"
2025-07-23 11:57:17,https://www.linkedin.com/feed/update/urn%3Ali%3Aactivity%3A7353740593782525952,Congrats Elia! 🎉
2025-07-22 17:23:15,https://www.linkedin.com/feed/update/urn%3Ali%3Aactivity%3A7353415802508705792,"Thanks for sharing, Ifunanya"
2025-07-21 14:21:20,https://www.linkedin.com/feed/update/urn%3Ali%3Aactivity%3A7352970661885046784,"Love this, Oke"
2025-07-21 14:20:39,https://www.linkedin.com/feed/update/urn%3Ali%3AugcPost%3A7352073507909844992,"You had me in the first half 😂. Still, what a brilliant experience! That setup sounds like a powerful way to bring governance closer to the people."
2025-07-21 14:14:54,https://www.linkedin.com/feed/update/urn%3Ali%3AugcPost%3A7353015156769001472,I love Excel
2025-07-21 14:14:23,https://www.linkedin.com/feed/update/urn%3Ali%3AugcPost%3A7351636932897968133,"Congrats Felix, you didn’t just graduate, you made a statement with that Best Student award; can’t wait to see the impact you’ll make in the data space!"
2025-07-21 14:13:08,https://www.linkedin.com/feed/update/urn%3Ali%3AugcPost%3A7352596227525419009,"Your post gave me goosebumps. Thank you for showing us what grace, grit, and belief in dreams can lead to."
2025-07-21 14:04:02,https://www.linkedin.com/feed/update/urn%3Ali%3Aactivity%3A7353052787594711040,"Solid breakdown Elijah Butler 📊  no fluff, just practical steps I wish I had when I started building my data analytics portfolio."
2025-07-21 13:57:04,https://www.linkedin.com/feed/update/urn%3Ali%3AugcPost%3A7352392596645679104,Mentorship truly plants seeds of purpose and confidence that grow far beyond the moment.
2025-07-21 13:55:26,https://www.linkedin.com/feed/update/urn%3Ali%3AugcPost%3A7352998287056035840,"Congratulations, Marvin; This is a powerful reminder that leadership is earned through service, resilience, and the people who believe in you"
2025-07-21 13:53:41,https://www.linkedin.com/feed/update/urn%3Ali%3Aactivity%3A7349008941445451776,"This is clean work,  Kezia Agyemang-Saahene  love how you merged both datasets, standardized the currencies, and turned it into such a sharp Power BI dashboard! 🚗📊👏"
2025-07-21 13:51:27,https://www.linkedin.com/feed/update/urn%3Ali%3Aactivity%3A7352940414645039105,"This is so true, learning is one thing, but showing proof through real projects and a solid portfolio is what actually gets you noticed."
2025-07-19 19:39:10,https://www.linkedin.com/feed/update/urn%3Ali%3AugcPost%3A7349457275071205379,"This is inspiring  Abdallah Zaidan Mohammed 
There’s something deeply meaningful about returning to serve where you once learned, and using that space to uplift others."
2025-07-19 09:58:41,https://www.linkedin.com/feed/update/urn%3Ali%3AugcPost%3A7351624765612212230,🎉 Excited for you
2025-07-19 08:36:38,https://www.linkedin.com/feed/update/urn%3Ali%3Aactivity%3A7348106639838699521,Congrats Eleazar! 🎉
2025-07-19 08:29:09,https://www.linkedin.com/feed/update/urn%3Ali%3Aactivity%3A7352228426289750020,"Absolutely Joshua Salami Peter, EDA has helped me spot outliers, uncover trends, and ask smarter questions before diving into models."
2025-07-19 07:01:13,https://www.linkedin.com/feed/update/urn%3Ali%3Aactivity%3A7349480203359846400,Ruth Iheosonye
2025-07-18 14:51:53,https://www.linkedin.com/feed/update/urn%3Ali%3AugcPost%3A7349310608711815168,"This is gold, so many of us didn’t know where to begin, and resources like these can truly change lives."
2025-07-18 14:48:47,https://www.linkedin.com/feed/update/urn%3Ali%3Aactivity%3A7351675166801702912,"Powerful initiative, equipping students with the tools to thrive in the digital age is a real investment in Ghana’s future📚👏"
2025-07-18 14:47:11,https://www.linkedin.com/feed/update/urn%3Ali%3Aactivity%3A7351386346680143872,This story is powerful
2025-07-18 14:45:36,https://www.linkedin.com/feed/update/urn%3Ali%3Aactivity%3A7345337821202649088,"This really speaks to me, as someone who transitioned into data analytics, it’s the hands-on skills I built outside the classroom that continue to open real doors."
2025-07-18 14:43:48,https://www.linkedin.com/feed/update/urn%3Ali%3AugcPost%3A7351303502620442631,"Love this, Michael
Equipping young people with digital tools to shape policy is exactly the kind of leadership this generation needs."
2025-07-18 14:38:56,https://www.linkedin.com/feed/update/urn%3Ali%3Aactivity%3A7351962804800675840,Samuel Obeng Dapaah  👍
2025-07-18 14:38:36,https://www.linkedin.com/feed/update/urn%3Ali%3AugcPost%3A7351934946845904896,"Thanks for sharing, Kelvin"
2025-07-18 14:38:19,https://www.linkedin.com/feed/update/urn%3Ali%3Aactivity%3A7351309064816979968,"Love this, Ali"
2025-07-18 14:35:57,https://www.linkedin.com/feed/update/urn%3Ali%3Aactivity%3A7351883505653489664,"This really resonates, I’m learning that growth in data (and in life) isn’t linear, and it’s okay to figure things out as you go"
2025-07-18 14:34:05,https://www.linkedin.com/feed/update/urn%3Ali%3AugcPost%3A7349908684241551362,"This is so beautiful,  Edna Frimpong  every step those children take will carry not just scripture, but strength, purpose, and God’s promise."
2025-07-18 14:31:02,https://www.linkedin.com/feed/update/urn%3Ali%3Aactivity%3A7351962804800675840,"Congrats, Samuel! Just hit 4K myself, great to see how this platform is bringing us together to create impact that stretches far beyond the screen. 🚀🌍"
2025-07-18 11:10:42,https://www.linkedin.com/feed/update/urn%3Ali%3AugcPost%3A7351681174374617088,Well done
2025-07-17 18:44:39,https://www.linkedin.com/feed/update/urn%3Ali%3Aactivity%3A7351636985905672212,Congratulations 🎉
2025-07-17 13:02:55,https://www.linkedin.com/feed/update/urn%3Ali%3AugcPost%3A7350822427221762049,"Celebrating your birthday by standing up for girls and rural education at the UN is powerful, such a beautiful blend of purpose and passion👏"
2025-07-17 13:00:45,https://www.linkedin.com/feed/update/urn%3Ali%3AugcPost%3A7351525984136765440,"Great initiative
Making cloud migration less overwhelming and more strategic with AWS OLA is a game-changer for many teams👏"
2025-07-17 12:58:46,https://www.linkedin.com/feed/update/urn%3Ali%3AugcPost%3A7351300343533559812,"This is such a wholesome journey, love how you turned a single flyer into a moment of bold action and meaningful collaboration👏"
2025-07-17 12:56:14,https://www.linkedin.com/feed/update/urn%3Ali%3Aactivity%3A7351542179028160513,"This hits deep, discipline truly is the difference maker when motivation runs low."
2025-07-17 12:54:27,https://www.linkedin.com/feed/update/urn%3Ali%3AugcPost%3A7351298891582996480,Wishing you the very best on this exciting journey
2025-07-17 11:21:56,https://www.linkedin.com/feed/update/urn%3Ali%3AugcPost%3A7351256292054732801,Emmanuel Atinyo Thank you
2025-07-17 11:21:45,https://www.linkedin.com/feed/update/urn%3Ali%3AugcPost%3A7351256292054732801,Victor Ugwu
2025-07-17 11:21:38,https://www.linkedin.com/feed/update/urn%3Ali%3AugcPost%3A7351256292054732801,Elia Somuah okay😂
2025-07-16 22:38:12,https://www.linkedin.com/feed/update/urn%3Ali%3AugcPost%3A7351349445977882625,"Love this,  Lingjuan Wang-Li"
2025-07-16 18:37:44,https://www.linkedin.com/feed/update/urn%3Ali%3AugcPost%3A7351256292054732801,Bassey Dominic
2025-07-16 18:37:11,https://www.linkedin.com/feed/update/urn%3Ali%3Aactivity%3A7351288156186415104,💯 Excellent
2025-07-16 17:27:58,https://www.linkedin.com/feed/update/urn%3Ali%3AugcPost%3A7351256292054732801,Roshni K R
2025-07-16 17:27:40,https://www.linkedin.com/feed/update/urn%3Ali%3AugcPost%3A7351256292054732801,Joshua Salami Peter
2025-07-16 16:10:50,https://www.linkedin.com/feed/update/urn%3Ali%3AugcPost%3A7351256292054732801,Wisdom Antwi
2025-07-16 16:10:04,https://www.linkedin.com/feed/update/urn%3Ali%3AugcPost%3A7350942242024443905,Congrats Abdallah Zaidan! 🎉
2025-07-16 15:14:03,https://www.linkedin.com/feed/update/urn%3Ali%3AugcPost%3A7351256292054732801,"David Somenu 
Thank you"
2025-07-16 15:13:48,https://www.linkedin.com/feed/update/urn%3Ali%3AugcPost%3A7351266314885222401,Great
2025-07-16 14:36:22,https://www.linkedin.com/feed/update/urn%3Ali%3AugcPost%3A7351256292054732801,"Md. Tanvir Ahmed 
Thank you 🙏"
2025-07-15 17:00:02,https://www.linkedin.com/feed/update/urn%3Ali%3AugcPost%3A7350890776505028608,This is incredible  Joshua Opey  your work is a strong example of how youth-led initiatives can shape real solutions for global challenges 🌍👏
2025-07-15 16:55:29,https://www.linkedin.com/feed/update/urn%3Ali%3AugcPost%3A7350066748378738688,"Love this take, Perfect"
2025-07-15 16:54:37,https://www.linkedin.com/feed/update/urn%3Ali%3AugcPost%3A7350549488521854980,"Congratulations, Dr. Khalifa"
2025-07-15 16:52:24,https://www.linkedin.com/feed/update/urn%3Ali%3Aactivity%3A7350926282169171968,"Huge congratulations, Christopher! 
This is meaningful work that sheds light on a critical gap in environmental monitoring, well done! 👏"
2025-07-15 16:50:52,https://www.linkedin.com/feed/update/urn%3Ali%3AugcPost%3A7350861608899743746,Congratulations! 🎉
2025-07-15 16:50:30,https://www.linkedin.com/feed/update/urn%3Ali%3AugcPost%3A7350927241347760129,Congrats Emmanuel! 🎉
2025-07-15 16:50:22,https://www.linkedin.com/feed/update/urn%3Ali%3AugcPost%3A7350894323002929152,"There’s absolutely nothing wrong with shining a little brighter or dreaming a little bigger.
Thank you for sharing Lawrencia Serwaa"
2025-07-15 08:52:51,https://www.linkedin.com/feed/update/urn%3Ali%3AugcPost%3A7350775631984369665,"🎉 Major achievement, David"
2025-07-14 09:49:45,https://www.linkedin.com/feed/update/urn%3Ali%3Aactivity%3A7350461175756681216,Great opportunity
2025-07-13 20:40:19,https://www.linkedin.com/feed/update/urn%3Ali%3AugcPost%3A7350248862453850113,Amazing 🔥🔥🔥
2025-07-13 15:46:58,https://www.linkedin.com/feed/update/urn%3Ali%3Aactivity%3A7349657613254492160,elvisfrimpong.da@gmail.com
2025-07-13 14:59:36,https://www.linkedin.com/feed/update/urn%3Ali%3AugcPost%3A7345927755760340993,🎉 Excited for you
2025-07-12 15:22:15,https://www.linkedin.com/feed/update/urn%3Ali%3AugcPost%3A7349709516252364800,"This is such a powerful and heartfelt call to action, your leadership and persistence are lighting the path toward real change. May this Saturday bring rest to you and hope to Akumersu Yiti. 💧🙏"
2025-07-12 15:17:58,https://www.linkedin.com/feed/update/urn%3Ali%3AugcPost%3A7342637464957710336,David Somenu
2025-07-12 15:17:08,https://www.linkedin.com/feed/update/urn%3Ali%3AugcPost%3A7349793568439398400,Congrats Kofi! 🎉
2025-07-12 15:16:14,https://www.linkedin.com/feed/update/urn%3Ali%3Aactivity%3A7349437313426358272,"Your story is a powerful reminder that persistence, faith, and showing up consistently truly pay off, huge congratulations on this well-earned win Chizoba Duru"
2025-07-12 10:52:36,https://www.linkedin.com/feed/update/urn%3Ali%3Aactivity%3A7348658716667248640,"This dashboard is brewed to perfection, Sidra; clear, insightful, and packed with flavor like a good Barista Espresso! ☕ Now if you’ll excuse me, I’ll be analyzing my way to the couch for a Saturday nap 😴📊😂"
2025-07-12 10:47:18,https://www.linkedin.com/feed/update/urn%3Ali%3AugcPost%3A7348303297260224513,"😂 This had me cracking up, some callings just aren’t ours! Big respect to the HR and sales warriors out there! As for me, I’m currently unavailable… resting my soul this Saturday 🛏️💤"
2025-07-12 10:45:00,https://www.linkedin.com/feed/update/urn%3Ali%3Aactivity%3A7349717729630666752,"It’s so refreshing to hear someone genuinely enjoy data cleaning, turning messy data into something useful really is its own kind of magic! Now go reward yourself with a Saturday siesta  Judith Ibeachu  … even Excel needs a break! 😅🛌"
2025-07-12 10:41:03,https://www.linkedin.com/feed/update/urn%3Ali%3Aactivity%3A7347309849283616769,It’s amazing how Power BI can remind us that the right connections truly shape both insight and impact.
2025-07-12 09:38:52,https://www.linkedin.com/feed/update/urn%3Ali%3Aactivity%3A7349727700292435969,Congrats Frank! 🎉
2025-07-12 08:19:03,https://www.linkedin.com/feed/update/urn%3Ali%3Aactivity%3A7349678974962204672,"Love this, Joshua Salami"
2025-07-12 07:14:44,https://www.linkedin.com/feed/update/urn%3Ali%3Aactivity%3A7349480203359846400,Joshua Salami Peter
2025-07-12 07:14:32,https://www.linkedin.com/feed/update/urn%3Ali%3Aactivity%3A7349480203359846400,Izuoba Chinonye
2025-07-12 07:14:24,https://www.linkedin.com/feed/update/urn%3Ali%3Aactivity%3A7349480203359846400,Hamza Ismail
2025-07-11 23:00:29,https://www.linkedin.com/feed/update/urn%3Ali%3Aactivity%3A7349480203359846400,Gilbert Karani Let’s keep pushing!
2025-07-11 22:59:58,https://www.linkedin.com/feed/update/urn%3Ali%3Aactivity%3A7349480203359846400,David Somenu Going all in and trusting that even the smallest steps count.👍
2025-07-11 16:53:35,https://www.linkedin.com/feed/update/urn%3Ali%3Aactivity%3A7349480203359846400,"What stage are you at in your learning journey? Drop it below, let’s encourage each other. 🚀✨"
2025-07-11 16:12:55,https://www.linkedin.com/feed/update/urn%3Ali%3Aactivity%3A7349389029068460032,Well done🎉
2025-07-11 15:11:42,https://www.linkedin.com/feed/update/urn%3Ali%3Aactivity%3A7349351437664940034,"Love this, Joyce"
2025-07-11 14:52:06,https://www.linkedin.com/feed/update/urn%3Ali%3Aactivity%3A7349439722168999938,The power of LinkedIn 🔥
2025-07-11 07:20:06,https://www.linkedin.com/feed/update/urn%3Ali%3Aactivity%3A7349322053847592962,"Visibility really does open doors that talent alone can’t unlock.
Thank you for sharing David Somenu"
2025-07-10 22:35:17,https://www.linkedin.com/feed/update/urn%3Ali%3Aactivity%3A7349161394505682946,Congratulations!
2025-07-10 15:43:36,https://www.linkedin.com/feed/update/urn%3Ali%3Aactivity%3A7348284402424049664,"A fantastic chance for STEM students to build real data skills and connect with others, highly recommend checking it out."
2025-07-10 07:49:55,https://www.linkedin.com/feed/update/urn%3Ali%3Aactivity%3A7348579991770607618,"Consistency beats overwhelm every time, and thanks for sharing these handy datasets too Mo Chen"
2025-07-09 22:32:50,https://www.linkedin.com/feed/update/urn%3Ali%3Aactivity%3A7348840298199818241,I'm interested
2025-07-09 22:31:29,https://www.linkedin.com/feed/update/urn%3Ali%3AugcPost%3A7346577285711360000,"Frimpong Enock 
Congratulations on this new chapter, wishing you growth, great connections, and impact as you journey through the program"
2025-07-09 22:29:52,https://www.linkedin.com/feed/update/urn%3Ali%3Aactivity%3A7348772687512543233,Congrats Sam! 🎉
2025-07-09 17:07:44,https://www.linkedin.com/feed/update/urn%3Ali%3Aactivity%3A7347914224259497984,"It’s about hard work, determination and diligence Samuel Obeng Dapaah. 
Don’t forget to tag me in your new post about high school😂. Our Presidooo😂👋"
2025-07-09 17:00:20,https://www.linkedin.com/feed/update/urn%3Ali%3Aactivity%3A7348684431060086785,"Love this, Joseph"
2025-07-09 16:59:35,https://www.linkedin.com/feed/update/urn%3Ali%3Aactivity%3A7348357782984609792,"Stepping back can actually fuel a stronger comeback, excited to see what you’re launching next Inneh Joseph"
2025-07-09 16:57:32,https://www.linkedin.com/feed/update/urn%3Ali%3AugcPost%3A7346512536801849344,Keep it up Benjamin Ntow
2025-07-09 16:56:23,https://www.linkedin.com/feed/update/urn%3Ali%3AugcPost%3A7348507415237079040,"Love this,  Dr Vanessa Abokoma Quaye"
2025-07-09 16:54:36,https://www.linkedin.com/feed/update/urn%3Ali%3AugcPost%3A7348277470502039553,Keep raising the flag high and championing voices that deserve to be heard Joyce Arthur
2025-07-09 16:47:31,https://www.linkedin.com/feed/update/urn%3Ali%3Aactivity%3A7348420066964635648,Congrats on this big milestone  Hailey C.
2025-07-09 16:28:34,https://www.linkedin.com/feed/update/urn%3Ali%3AugcPost%3A7348714837377503233,Well done Kelvin Ohenaku
2025-07-08 17:16:27,https://www.linkedin.com/feed/update/urn%3Ali%3AugcPost%3A7348078341314220032,"Wishing you more wins and deeper lessons ahead.
Keep soaring Eugene Takyi-Micah"
2025-07-08 17:15:07,https://www.linkedin.com/feed/update/urn%3Ali%3AugcPost%3A7345638535711854594,"This is amazing work  Prince Gidisu 
Congratulations to you and your team for such meaningful contributions."
2025-07-08 17:14:11,https://www.linkedin.com/feed/update/urn%3Ali%3Aactivity%3A7348224985896751104,"This is so true  Racheal Kuranchie 
The wandering phase teaches you so much, even when it doesn’t feel like it. For me, it clicked when I realized what I’d keep doing even without being told. Anyone still figuring it out, keep going, it’ll all come together."
2025-07-08 17:09:54,https://www.linkedin.com/feed/update/urn%3Ali%3Aactivity%3A7347462375798640640,Well done Adekoyejo Dada
2025-07-08 17:09:30,https://www.linkedin.com/feed/update/urn%3Ali%3AugcPost%3A7348015271053287427,"Wishing you all the best as you step forward and make an impact, you’ve got so much ahead of you Ayomide Ajibola, MBA"
2025-07-08 17:07:50,https://www.linkedin.com/feed/update/urn%3Ali%3AugcPost%3A7347889528583430146,It’s great to see you showing up and supporting initiatives that truly change lives.
2025-07-08 17:06:42,https://www.linkedin.com/feed/update/urn%3Ali%3AugcPost%3A7347590800945364992,Big congratulations on pushing through every hurdle and finishing strong Samuel Gyimah
2025-07-08 16:49:28,https://www.linkedin.com/feed/update/urn%3Ali%3AugcPost%3A7348264617007013891,"Love this  Gloria Norvor 
The algorithm shifts, but showing up with real value never goes out of style"
2025-07-08 16:42:41,https://www.linkedin.com/feed/update/urn%3Ali%3AugcPost%3A7347671615050014720,Congrats Emmanuel! 🎉
2025-07-08 16:41:43,https://www.linkedin.com/feed/update/urn%3Ali%3Aactivity%3A7345338351652081665,"You’ve got more in you than one tough month can take away, keep going, you’re closer than you think."
2025-07-08 16:37:44,https://www.linkedin.com/feed/update/urn%3Ali%3AugcPost%3A7348342530658197504,Congratulations! 🎉
2025-07-08 15:36:50,https://www.linkedin.com/feed/update/urn%3Ali%3AugcPost%3A7348341184886431744,Love this
2025-07-08 10:47:22,https://www.linkedin.com/feed/update/urn%3Ali%3Aactivity%3A7348269661265743873,Well done!
2025-07-07 08:59:41,https://www.linkedin.com/feed/update/urn%3Ali%3Aactivity%3A7347900028293677056,"So true, the NYSC khaki really does come with its own quiet respect. Wishing every corper and hustler a winning week ahead🎉"
2025-07-06 15:51:23,https://www.linkedin.com/feed/update/urn%3Ali%3Aactivity%3A7347631399337652224,Congrats Nana Kwame! 🎉
2025-07-05 12:51:25,https://www.linkedin.com/feed/update/urn%3Ali%3AugcPost%3A7344851127714103296,Congrats to you and your amazing mentees.
2025-07-05 12:47:10,https://www.linkedin.com/feed/update/urn%3Ali%3AugcPost%3A7346304592017551360,"Brilliant, practical tech like this can genuinely save lives on the road. Well done Wazingwa Mugala"
2025-07-05 12:44:46,https://www.linkedin.com/feed/update/urn%3Ali%3AugcPost%3A7340578296801202177,"Big cheers to all the grads. 
This is so motivating for those of us still on the journey too. 
Well deserved Samuel Boateng Osei, PMP®"
2025-07-05 12:42:01,https://www.linkedin.com/feed/update/urn%3Ali%3Aactivity%3A7344982978218840065,"Absolutely. 
Celebrating wins sparks hope for someone else to believe it’s possible too. 
Keep shining Wisdom Antwi"
2025-07-05 12:39:15,https://www.linkedin.com/feed/update/urn%3Ali%3AugcPost%3A7346056113391304704,Emmanuel’s story is a beautiful reminder of true strength and possibility. Thank you for sharing this Ucheawaji Dandison
2025-07-05 12:37:32,https://www.linkedin.com/feed/update/urn%3Ali%3AugcPost%3A7347181883144765440,"This is gold Mabel Darko , your growth journey shows exactly what’s possible when you apply what you learn."
2025-07-05 12:35:11,https://www.linkedin.com/feed/update/urn%3Ali%3Aactivity%3A7346779857239875588,"Joshua Salami Peter, I agree ☝️"
2025-07-05 12:33:18,https://www.linkedin.com/feed/update/urn%3Ali%3Aactivity%3A7346825110168788992,"Your journey is so real and encouraging, a powerful reminder that growth is never a straight line Ing. Lucinda Djan"
2025-07-05 12:31:43,https://www.linkedin.com/feed/update/urn%3Ali%3AugcPost%3A7347125191010861056,Huge congrats🎉
2025-07-05 09:20:20,https://www.linkedin.com/feed/update/urn%3Ali%3Aactivity%3A7346806239495892996,"Smart approach  Igboejesi Chidera 
balancing a bold color like red while keeping clarity is no easy feat. Well done"
2025-07-05 09:18:41,https://www.linkedin.com/feed/update/urn%3Ali%3Aactivity%3A7342883235854467074,"Love this  Louis Tran Van Lieu 
Impact deserves the same evidence-based rigor we demand for financials."
2025-07-05 09:17:52,https://www.linkedin.com/feed/update/urn%3Ali%3Aactivity%3A7347157303197949955,"Such an important reminder, real capability often hides in unpaid, overlooked moments Wisdom Antwi."
2025-07-04 20:02:36,https://www.linkedin.com/feed/update/urn%3Ali%3Aactivity%3A7346895325871153153,Victoria Otoo Amen
2025-07-04 17:02:06,https://www.linkedin.com/feed/update/urn%3Ali%3Aactivity%3A7346895325871153153,"Cheers, Victoria 🎉"
2025-07-02 20:41:22,https://www.linkedin.com/feed/update/urn%3Ali%3Aactivity%3A7344630063046283264,"Love this take, Rasmita"
2025-07-02 11:07:40,https://www.linkedin.com/feed/update/urn%3Ali%3Aactivity%3A7346039966495326208,"This is inspiring to read  Elia Somuah 
I started my own cloud journey with  AmaliTech about 2 months ago, and I’m loving every bit of it too, here’s to growth and new skills🥂"
2025-07-01 21:50:27,https://www.linkedin.com/feed/update/urn%3Ali%3AugcPost%3A7345629509045403649,"Congratulations on an incredible first year. 
I’m really looking forward to learning from and working alongside this amazing team this Fall 2025"
2025-07-01 07:02:52,https://www.linkedin.com/feed/update/urn%3Ali%3Aactivity%3A7345701997599223808,Excited for this 🔥
2025-06-30 16:59:47,https://www.linkedin.com/feed/update/urn%3Ali%3AugcPost%3A7345269641994211329,"Keep shining, Gyanankur ⭐"
2025-06-30 11:25:25,https://www.linkedin.com/feed/update/urn%3Ali%3Aactivity%3A7345403485003149312,"Absolutely true, trust and genuine reputation can open doors that no fancy CV ever could. 
Thank you for sharing Dr. Daniel McKorley"
2025-06-30 09:17:14,https://www.linkedin.com/feed/update/urn%3Ali%3AugcPost%3A7345174164284071937,"👏 Well deserved, Wendy N.A.B."
2025-06-28 14:13:37,https://www.linkedin.com/feed/update/urn%3Ali%3Aactivity%3A7344643311091027968,"Love this, Idowu"
2025-06-28 14:13:21,https://www.linkedin.com/feed/update/urn%3Ali%3AugcPost%3A7343329657204670465,"What an inspiring experience, love how you’re championing the bridge between learning and industry impact Seth Agyemang Amoah"
2025-06-28 12:22:13,https://www.linkedin.com/feed/update/urn%3Ali%3Aactivity%3A7344677668455383040,Sharing to my network
2025-06-27 16:18:35,https://www.linkedin.com/feed/update/urn%3Ali%3AugcPost%3A7344266608883728384,"🎉 Major achievement, Yvonne Dansowaa"
2025-06-27 14:24:31,https://www.linkedin.com/feed/update/urn%3Ali%3Aactivity%3A7344228244507795456,Congratulations!
2025-06-27 12:32:35,https://www.linkedin.com/feed/update/urn%3Ali%3Aactivity%3A7343277605648793602,This is great
2025-06-27 12:30:54,https://www.linkedin.com/feed/update/urn%3Ali%3AugcPost%3A7340888405876105218,"Huge congratulations on defending such an impactful thesis, your findings add real value to the policy conversation in SSA Ogah Roosevelt"
2025-06-27 12:26:06,https://www.linkedin.com/feed/update/urn%3Ali%3AugcPost%3A7343284809936347137,Congratulations on representing youth voices at such an important global platform Joshua Opey
2025-06-27 12:24:35,https://www.linkedin.com/feed/update/urn%3Ali%3Aactivity%3A7344311041285087232,Excited for this 🔥
2025-06-27 12:23:23,https://www.linkedin.com/feed/update/urn%3Ali%3Aactivity%3A7344299344734400512,Congrats Gyanankur! 🎉
2025-06-27 12:23:01,https://www.linkedin.com/feed/update/urn%3Ali%3Aactivity%3A7344333766439428096,"Balancing student and professional life is tough, but with clear priorities, time blocking, boundaries, breaks, and smart tools, you can stay organized and focused on what truly matters."
2025-06-27 12:21:58,https://www.linkedin.com/feed/update/urn%3Ali%3Aactivity%3A7343668351568633858,"Powerful reminder to keep showing up, share what you’re learning, build real skills, and be intentional both online and offline"
2025-06-27 12:20:11,https://www.linkedin.com/feed/update/urn%3Ali%3Aactivity%3A7344285718300504065,"Love this, Darlington"
2025-06-27 12:19:21,https://www.linkedin.com/feed/update/urn%3Ali%3AugcPost%3A7343814004638662656,Wishing you a rewarding internship ahead as you put all that knowledge into action. Keep shining
2025-06-27 12:03:42,https://www.linkedin.com/feed/update/urn%3Ali%3AugcPost%3A7343908198472380416,"It’s so painful when something out of your control gets in the way, but this only proves you’re ready and qualified, the right role will find you soon. Kaosarat Ibrahim"
2025-06-27 12:01:22,https://www.linkedin.com/feed/update/urn%3Ali%3AugcPost%3A7344105511434252288,"Congratulations on this well-deserved recognition Miss Mary Kate BA, MA"
2025-06-27 12:00:37,https://www.linkedin.com/feed/update/urn%3Ali%3Aactivity%3A7341087343459594241,Luke Barousse Wishing you endless data points of joy and minimal scope creep ahead.
2025-06-26 18:29:49,https://www.linkedin.com/feed/update/urn%3Ali%3Aactivity%3A7336213328182054912,Congrats Prince Charles! 🎉
2025-06-26 15:50:40,https://www.linkedin.com/feed/update/urn%3Ali%3Aactivity%3A7343666450810789889,💡 Great insight
2025-06-26 15:50:26,https://www.linkedin.com/feed/update/urn%3Ali%3Aactivity%3A7344026456655548417,Great opportunity here
2025-06-25 15:13:20,https://www.linkedin.com/feed/update/urn%3Ali%3Aactivity%3A7342810227903213568,🚀 Exciting opportunity
2025-06-25 14:03:31,https://www.linkedin.com/feed/update/urn%3Ali%3Aactivity%3A7343610345946525698,Congrats Paul! 🎉
2025-06-25 12:08:15,https://www.linkedin.com/feed/update/urn%3Ali%3AugcPost%3A7343372645188427776,Congratulations! 🎉
2025-06-25 08:29:56,https://www.linkedin.com/feed/update/urn%3Ali%3Aactivity%3A7343210035495231489,Joshua Salami Peter Thank you
2025-06-24 12:15:02,https://www.linkedin.com/feed/update/urn%3Ali%3Aactivity%3A7343210035495231489,Thank you Emmanuel Atinyo
2025-06-23 15:39:20,https://www.linkedin.com/feed/update/urn%3Ali%3Aactivity%3A7342936620381171714,"Love this, Oluwatomisin"
2025-06-23 08:05:03,https://www.linkedin.com/feed/update/urn%3Ali%3AugcPost%3A7342665476340162561,Congratulations! 🎉
2025-06-22 22:21:44,https://www.linkedin.com/feed/update/urn%3Ali%3AugcPost%3A7342478354240978945,Congratulations! 🎉
2025-06-21 12:27:25,https://www.linkedin.com/feed/update/urn%3Ali%3AugcPost%3A7341916358189731841,"This is such a strong testament to the power of quality, when your produce delivers real value, the demand speaks louder than any marketing ever could. Well done Francis Mbroh"
2025-06-20 16:30:15,https://www.linkedin.com/feed/update/urn%3Ali%3Aactivity%3A7341813500895232000,"Excellent work  Chisom Okoye 
This is such a solid start, loving the energy and commitment to learning; excited to see your dashboard walkthrough and how your journey unfolds from here"
2025-06-20 16:28:24,https://www.linkedin.com/feed/update/urn%3Ali%3AugcPost%3A7341539920554971136,"Joshua Opey  
It’s inspiring to see youth voices championed at such high-level platforms, your advocacy is a reminder that sustainable trade must include the very generation that will shape its future."
2025-06-20 16:19:17,https://www.linkedin.com/feed/update/urn%3Ali%3Aactivity%3A7341861470525100032,T.G.I.F
2025-06-20 15:48:03,https://www.linkedin.com/feed/update/urn%3Ali%3AugcPost%3A7341826845916422144,"Love this take, Rume"
2025-06-20 15:40:45,https://www.linkedin.com/feed/update/urn%3Ali%3AugcPost%3A7341578774456467457,"Keep shining, Chidiogo Choice ⭐"
2025-06-20 14:19:33,https://www.linkedin.com/feed/update/urn%3Ali%3Aactivity%3A7338462904641355778,"Such a raw and honest reminder that some of life’s most transformative moments come when we take a leap despite the doubt thank you for sharing this. 
Delight Abioye"
2025-06-20 13:45:11,https://www.linkedin.com/feed/update/urn%3Ali%3AugcPost%3A7341592138708586496,Excited for this
2025-06-20 13:44:40,https://www.linkedin.com/feed/update/urn%3Ali%3AugcPost%3A7341679281061691392,"🎉 Major achievement, Sunday"
2025-06-20 13:10:02,https://www.linkedin.com/feed/update/urn%3Ali%3Aactivity%3A7340750013213429764,What an inspiring and detailed reflection; it’s amazing how much clarity and confidence can come from just three days when you’re fully immersed in purpose-driven learning. Well done Jacqueline Jean Baidoo
2025-06-20 13:07:41,https://www.linkedin.com/feed/update/urn%3Ali%3Aactivity%3A7341753491926728704,"This is the kind of reminder we all need, progress is progress, and showing up consistently is where the real transformation happens. Let’s keep building Ms. Offei Asante Bernnita"
2025-06-20 13:05:34,https://www.linkedin.com/feed/update/urn%3Ali%3Aactivity%3A7341752110876659714,"Love this, Ronald"
2025-06-20 13:04:57,https://www.linkedin.com/feed/update/urn%3Ali%3AugcPost%3A7341700176266358787,"Thanks for sharing, Manjunath"
2025-06-20 13:04:19,https://www.linkedin.com/feed/update/urn%3Ali%3AugcPost%3A7341495393160941568,"This kind of mentorship is pure gold, huge thanks to Clinton for reminding us that mastering your craft is just half the journey; knowing how to market it is the game-changer!"
2025-06-20 13:02:07,https://www.linkedin.com/feed/update/urn%3Ali%3AugcPost%3A7341753225307480066,Nice viz
2025-06-20 13:01:48,https://www.linkedin.com/feed/update/urn%3Ali%3AugcPost%3A7340935744519061504,"This is such a beautiful reminder that progress isn’t always perfect, but persistence pays off; congrats on pushing through and finishing strong"
2025-06-20 13:00:15,https://www.linkedin.com/feed/update/urn%3Ali%3Aactivity%3A7341463249495678977,"Love the honesty and passion here, Excel truly becomes magical when it tells a story, and your dedication to both the numbers and the design is inspiring"
2025-06-20 12:57:10,https://www.linkedin.com/feed/update/urn%3Ali%3AugcPost%3A7341437222253989890,Nice viz
2025-06-20 12:56:53,https://www.linkedin.com/feed/update/urn%3Ali%3Aactivity%3A7338814891098599426,"This is a timely reminder, your story might be the inspiration someone else is waiting for; silence helps no one, so show up and shine!✨"
2025-06-20 12:55:29,https://www.linkedin.com/feed/update/urn%3Ali%3AgroupPost%3A60878-7341734797708255232,"This guide is gold for beginners and aspiring analysts; very clear, actionable, and rooted in real-world tools and techniques. Thanks for breaking it down so well"
2025-06-20 12:51:15,https://www.linkedin.com/feed/update/urn%3Ali%3Aactivity%3A7341510111351181313,"Big congratulations on earning your Fabric Data Engineer certification! Love the growth mindset, excited to see the impact you’ll create with these skills"
2025-06-20 12:49:55,https://www.linkedin.com/feed/update/urn%3Ali%3AugcPost%3A7341249631252557825,"This is such a powerful perspective, farming today is all about strategy, systems, and smart execution; thank you for shedding light on its real potential."
2025-06-20 12:39:27,https://www.linkedin.com/feed/update/urn%3Ali%3Aactivity%3A7341766826101563392,Excellent work Rodrigue
2025-06-20 12:39:08,https://www.linkedin.com/feed/update/urn%3Ali%3Aactivity%3A7341780541102284800,What an achievement
2025-06-20 12:38:47,https://www.linkedin.com/feed/update/urn%3Ali%3AugcPost%3A7341636208231403522,"Congratulations on this well-deserved recognition! Your dedication and impact clearly shine through, excited to see what’s next for you Isaac Sowah Badu"
2025-06-20 07:40:26,https://www.linkedin.com/feed/update/urn%3Ali%3Aactivity%3A7341679109091045376,What an achievement
2025-06-20 07:39:49,https://www.linkedin.com/feed/update/urn%3Ali%3Aactivity%3A7341724077591564289,"Cheers, Eniola 🎉"
2025-06-19 21:56:57,https://www.linkedin.com/feed/update/urn%3Ali%3AugcPost%3A7341548869047996416,Congrats Nana Adjei! 🎉
2025-06-19 21:56:39,https://www.linkedin.com/feed/update/urn%3Ali%3AugcPost%3A7341574350501744641,"👏 Well deserved, Rita"
2025-06-18 14:09:13,https://www.linkedin.com/feed/update/urn%3Ali%3Aactivity%3A7341088736023126017,Excellent work Elijah
2025-06-18 09:35:15,https://www.linkedin.com/feed/update/urn%3Ali%3Aactivity%3A7341026895594979328,Nice viz
2025-06-18 09:32:47,https://www.linkedin.com/feed/update/urn%3Ali%3AugcPost%3A7338558726456459267,"First Class and most awarded? That’s legendary, your journey is a perfect blend of brilliance, gratitude, and purpose. Congratulations VICTORIA MENDS"
2025-06-18 09:28:47,https://www.linkedin.com/feed/update/urn%3Ali%3AugcPost%3A7340834151249469440,Nice work
2025-06-18 09:26:13,https://www.linkedin.com/feed/update/urn%3Ali%3AugcPost%3A7338346525061771264,"Huge congratulations, Dr."
2025-06-17 19:46:26,https://www.linkedin.com/feed/update/urn%3Ali%3Aactivity%3A7340824370518376448,Congrats Angelica! 🎉
2025-06-17 15:47:39,https://www.linkedin.com/feed/update/urn%3Ali%3Aactivity%3A7340542877539672064,Congrats Anna! 🎉
2025-06-17 15:42:45,https://www.linkedin.com/feed/update/urn%3Ali%3Aactivity%3A7340343662188314625,"These certification picks are spot-on, they don’t just add to your résumé, they actually sharpen your skills and open doors."
2025-06-17 15:41:30,https://www.linkedin.com/feed/update/urn%3Ali%3Aactivity%3A7335964577244884992,"Love how this breaks down the shift in grad admissions, it’s encouraging to see more value placed on purpose and personal growth"
2025-06-17 15:39:44,https://www.linkedin.com/feed/update/urn%3Ali%3AugcPost%3A7340578296801202177,"Huge congratulations to all the graduates, your journey is inspiring and a reminder that the finish line is worth the grind."
2025-06-17 15:34:57,https://www.linkedin.com/feed/update/urn%3Ali%3AugcPost%3A7340429536771104769,"Big congrats on getting Sage certified, practical wins like this really build a strong foundation for the future."
2025-06-17 15:33:23,https://www.linkedin.com/feed/update/urn%3Ali%3AugcPost%3A7340685246255804416,Congrats Ehinomen! 🎉
2025-06-17 15:32:50,https://www.linkedin.com/feed/update/urn%3Ali%3AugcPost%3A7339927358583300096,"Congratulations on starting at BCG, sounds like a perfect mix of growth, support, and good food🥘"
2025-06-17 15:31:09,https://www.linkedin.com/feed/update/urn%3Ali%3Aactivity%3A7336059984922693633,"This hit hard, waiting till after graduation to start living is the quickest way to fall behind."
2025-06-17 15:25:32,https://www.linkedin.com/feed/update/urn%3Ali%3Aactivity%3A7340634368933011456,"Love this, Daniel"
2025-06-17 09:44:52,https://www.linkedin.com/feed/update/urn%3Ali%3AugcPost%3A7340289915349262337,"Love this, Gloria"
2025-06-17 09:43:49,https://www.linkedin.com/feed/update/urn%3Ali%3Aactivity%3A7340343749299879938,"It's incredible how God can turn what once felt like flaws into features that shine. Truly, He doesn’t wait for us to be perfect.
He works through every piece of our story🙏"
2025-06-17 06:50:47,https://www.linkedin.com/feed/update/urn%3Ali%3Aactivity%3A7340626783832055808,"David, I agree, some of my best lessons and connections came from simply showing up to serve with intention."
2025-06-16 20:55:26,https://www.linkedin.com/feed/update/urn%3Ali%3Aactivity%3A7340475625566035968,Congratulations 🎉
2025-06-16 15:33:35,https://www.linkedin.com/feed/update/urn%3Ali%3AugcPost%3A7340124224696516608,This is an inspiring proof that showing up consistently and authentically on LinkedIn can open unimaginable doors!
2025-06-16 15:32:00,https://www.linkedin.com/feed/update/urn%3Ali%3AugcPost%3A7340297541151772673,Congrats! 🎉
2025-06-16 15:31:50,https://www.linkedin.com/feed/update/urn%3Ali%3Aactivity%3A7338437374814642178,I agree 💯
2025-06-16 09:08:05,https://www.linkedin.com/feed/update/urn%3Ali%3Aactivity%3A7340294329145405443,"Growth in silence is still growth, and it’s inspiring to see you show up again with intention. Welcome back Nissi Adu-Essel Abaidoo"
2025-06-16 08:30:58,https://www.linkedin.com/feed/update/urn%3Ali%3Aactivity%3A7340016892775944192,"Big congrats on this milestone, cheers to turning data into real-world impact."
2025-06-16 08:28:20,https://www.linkedin.com/feed/update/urn%3Ali%3Aactivity%3A7338559852044066819,Love this💯
2025-06-16 08:27:49,https://www.linkedin.com/feed/update/urn%3Ali%3Aactivity%3A7340090793925242880,"Thanks for sharing, Julius"
2025-06-16 08:27:13,https://www.linkedin.com/feed/update/urn%3Ali%3AugcPost%3A7339538537395949568,"Great work, linking environmental data with farmer livelihoods is key to securing Ghana’s agricultural future."
2025-06-16 08:25:57,https://www.linkedin.com/feed/update/urn%3Ali%3Aactivity%3A7340279817159782402,"Consistency in content creation always pays off, even when the results aren’t instant Barakat Lawal"
2025-06-16 08:21:49,https://www.linkedin.com/feed/update/urn%3Ali%3AugcPost%3A7338595329191067650,"Inspiring to see such strong collaboration driving Ghana’s digital transformation, kudos to ALX GHANA  and all the partners involved"
2025-06-16 08:17:52,https://www.linkedin.com/feed/update/urn%3Ali%3Aactivity%3A7338823684280700928,"Love how you broke this down; pivot tables, slicers, and dynamic titles really take Excel storytelling to the next level"
2025-06-16 08:14:43,https://www.linkedin.com/feed/update/urn%3Ali%3AugcPost%3A7337800672009928704,"Nice viz
Well done Stephanie Anokyewaa Owusu"
2025-06-16 08:14:04,https://www.linkedin.com/feed/update/urn%3Ali%3Aactivity%3A7340279507615920128,Nice viz💯
2025-06-16 08:13:33,https://www.linkedin.com/feed/update/urn%3Ali%3AugcPost%3A7336804169011400705,"Love this, Mercy"
2025-06-16 08:13:20,https://www.linkedin.com/feed/update/urn%3Ali%3Aactivity%3A7340271999610433536,"This is so real, setbacks sting, but they’re often the proof that growth is happening Clara Awuse"
2025-06-16 08:11:57,https://www.linkedin.com/feed/update/urn%3Ali%3Aactivity%3A7337578018422374400,"Such a timely reminder that faith and authenticity belong in every space we show up, even at work."
2025-06-16 08:11:12,https://www.linkedin.com/feed/update/urn%3Ali%3AugcPost%3A7335631628125298690,Nice viz💯
2025-06-16 08:10:33,https://www.linkedin.com/feed/update/urn%3Ali%3Aactivity%3A7340264399330287616,"If AI is constantly evolving, we have no excuse to stay stagnant. Let’s keep moving forward 💪"
2025-06-15 17:34:28,https://www.linkedin.com/feed/update/urn%3Ali%3AugcPost%3A7339340782723575808,Excellent work Freedom
2025-06-15 17:34:14,https://www.linkedin.com/feed/update/urn%3Ali%3Aactivity%3A7337743513553362946,Impressive
2025-06-15 17:33:42,https://www.linkedin.com/feed/update/urn%3Ali%3AugcPost%3A7339919965703024640,Congratulations!
2025-06-15 17:10:33,https://www.linkedin.com/feed/update/urn%3Ali%3Aactivity%3A7340038197600505856,"Love this, Ankit"
2025-06-15 17:10:15,https://www.linkedin.com/feed/update/urn%3Ali%3AugcPost%3A7337956909494267904,"Love this, Bridget"
2025-06-12 11:37:02,https://www.linkedin.com/feed/update/urn%3Ali%3Aactivity%3A7338886181637533696,"Big thanks for sharing, Forsyth"
2025-06-11 06:50:54,https://www.linkedin.com/feed/update/urn%3Ali%3Aactivity%3A7338447358365499392,Good luck
2025-06-09 09:22:35,https://www.linkedin.com/feed/update/urn%3Ali%3AugcPost%3A7337652283003858945,Well done!
2025-06-06 16:32:12,https://www.linkedin.com/feed/update/urn%3Ali%3Aactivity%3A7334488835382239233,"Thanks for sharing, Lakyiere"
2025-06-06 15:57:22,https://www.linkedin.com/feed/update/urn%3Ali%3AugcPost%3A7336778084773171200,Congratulations 🎉
2025-06-06 13:27:25,https://www.linkedin.com/feed/update/urn%3Ali%3Aactivity%3A7336693792252510208,TGIF
2025-06-06 13:22:05,https://www.linkedin.com/feed/update/urn%3Ali%3Aactivity%3A7336721366479499264,"Haha, this is both hilarious and strangely solid advice! 
Life’s too short to work with people who drain your energy. A little love and good vibes go a long way Alex Freberg"
2025-06-06 13:19:51,https://www.linkedin.com/feed/update/urn%3Ali%3Aactivity%3A7335258941095866368,"Becoming a Teacher Analyst truly bridges the gap between insight and impact. Raw data is just the start, it’s how we question, interpret, and communicate that really drives change. 
Thanks for the reminder to lead with purpose and clarity in analytics 📊"
2025-06-06 13:03:20,https://www.linkedin.com/feed/update/urn%3Ali%3AugcPost%3A7335301287141347329,🥳🥳🥳
2025-06-06 12:21:36,https://www.linkedin.com/feed/update/urn%3Ali%3AugcPost%3A7336460121952165890,Congrats Dr Vanessa Abokoma! 🎉
2025-06-06 12:18:49,https://www.linkedin.com/feed/update/urn%3Ali%3Aactivity%3A7336724289397649408,Definitely worth reading
2025-06-06 12:11:43,https://www.linkedin.com/feed/update/urn%3Ali%3AugcPost%3A7336716709585690624,🎉 Bravo
2025-06-06 12:10:06,https://www.linkedin.com/feed/update/urn%3Ali%3AugcPost%3A7336691492008124416,"Love this, Keerthana"
2025-06-06 12:08:59,https://www.linkedin.com/feed/update/urn%3Ali%3Aactivity%3A7336716393481994241,"Big thanks for sharing, Lorah"
2025-06-06 10:46:38,https://www.linkedin.com/feed/update/urn%3Ali%3AugcPost%3A7336688814062469120,Congratulations!
2025-06-06 10:18:32,https://www.linkedin.com/feed/update/urn%3Ali%3Aactivity%3A7336650055254228992,"Thank you very much Amarachi Grace Agiri, PMP®"
2025-06-05 17:02:49,https://www.linkedin.com/feed/update/urn%3Ali%3Aactivity%3A7336307671345594372,Excited for this 🔥
2025-06-05 16:51:22,https://www.linkedin.com/feed/update/urn%3Ali%3AugcPost%3A7328505296383901696,"Congratulations on all your incredible achievements—your resilience, grace, and heart for service truly shine through. Wishing you continued strength and favor as you move forward! 🙌🏽"
2025-06-05 16:49:42,https://www.linkedin.com/feed/update/urn%3Ali%3AugcPost%3A7336417424780505092,"Love this, Emmanuel"
2025-06-03 16:01:47,https://www.linkedin.com/feed/update/urn%3Ali%3Aactivity%3A7335644846017159169,Amazing!
2025-06-02 10:25:02,https://www.linkedin.com/feed/update/urn%3Ali%3AugcPost%3A7335194591156973568,🎉 Excited for you
2025-06-02 09:57:09,https://www.linkedin.com/feed/update/urn%3Ali%3Aactivity%3A7335183428306317313,"The story of William Kamkwamba is a testament to resilience and the power of knowledge. Africa’s future truly rests in the hands of those who dare to learn, innovate, and act. Let’s rise beyond limitations and create the impact we envision🙏"
2025-06-02 07:57:10,https://www.linkedin.com/feed/update/urn%3Ali%3Aactivity%3A7335183421436039169,June❤️
2025-06-02 07:26:34,https://www.linkedin.com/feed/update/urn%3Ali%3AugcPost%3A7335201313229578241,"A Glorious Welcome to a New Month
Congratulations Delight Abioye"
2025-05-31 13:23:22,https://www.linkedin.com/feed/update/urn%3Ali%3Aactivity%3A7334536454527713280,"I’m a data analyst 
Data collection/entry
Full time Barcelona fan too😂"
2025-05-31 12:55:24,https://www.linkedin.com/feed/update/urn%3Ali%3Aactivity%3A7334503922822213632,"Love this, Daniel"
2025-05-31 12:53:35,https://www.linkedin.com/feed/update/urn%3Ali%3AugcPost%3A7334231687096164354,"Ikechukwu, I agree 
Learn SQL👍"
2025-05-31 12:49:00,https://www.linkedin.com/feed/update/urn%3Ali%3Aactivity%3A7334313520823451650,"Thanks for sharing, Oluwatoyin"
2025-05-31 12:48:19,https://www.linkedin.com/feed/update/urn%3Ali%3Aactivity%3A7334443531324829696,"Love this take, Moses"
2025-05-31 12:48:01,https://www.linkedin.com/feed/update/urn%3Ali%3AugcPost%3A7334506954096062464,Congratulations!
2025-05-31 12:40:20,https://www.linkedin.com/feed/update/urn%3Ali%3Aactivity%3A7334464838066229248,"Amarachi Grace Agiri, PMP® Exactly"
2025-05-30 06:48:35,https://www.linkedin.com/feed/update/urn%3Ali%3Aactivity%3A7334096406900617216,Joshua Salami Peter TGIF
2025-05-30 06:48:23,https://www.linkedin.com/feed/update/urn%3Ali%3Aactivity%3A7334096406900617216,"Absolutely, even the most advanced models can't fix flawed data; source reliability is the foundation of sound analysis Joshua Salami Peter"
2025-05-29 15:40:15,https://www.linkedin.com/feed/update/urn%3Ali%3Aactivity%3A7333489643205632000,well done
2025-05-29 15:39:33,https://www.linkedin.com/feed/update/urn%3Ali%3Aactivity%3A7333152755231916032,Keep going—your voice matters Ibukun Ogunsola
2025-05-29 15:36:49,https://www.linkedin.com/feed/update/urn%3Ali%3Aactivity%3A7333207948501864449,"This is great, John"
2025-05-29 15:36:23,https://www.linkedin.com/feed/update/urn%3Ali%3Aactivity%3A7333174968945377280,"A powerful reminder that AI should be a tool, not a replacement for effort and authenticity. Thoughtfulness and personal input make all the difference! 👏🔥"
2025-05-29 15:28:53,https://www.linkedin.com/feed/update/urn%3Ali%3AugcPost%3A7333864996654698498,"Well done Timothee Nkwar
I will enrol in this course soon"
2025-05-29 15:27:22,https://www.linkedin.com/feed/update/urn%3Ali%3Aactivity%3A7333764115397558272,Great opportunity
2025-05-29 15:25:52,https://www.linkedin.com/feed/update/urn%3Ali%3Aactivity%3A7333796072672145411,"Love this, Mary"
2025-05-29 15:24:07,https://www.linkedin.com/feed/update/urn%3Ali%3AugcPost%3A7333846271004164096,What an achievement!
2025-05-29 15:23:30,https://www.linkedin.com/feed/update/urn%3Ali%3Aactivity%3A7333550082832707585,"Thank you for this Peter Bawuah, MA"
2025-05-29 15:22:41,https://www.linkedin.com/feed/update/urn%3Ali%3AugcPost%3A7333827574931845120,"Love this, Maryjane"
2025-05-29 15:22:31,https://www.linkedin.com/feed/update/urn%3Ali%3AugcPost%3A7333732295087935488,"Well done EMMANUEL KOFI ADDO, OD, PhD"
2025-05-29 15:22:11,https://www.linkedin.com/feed/update/urn%3Ali%3Aactivity%3A7333697432205107200,Well done Nicholas Aboagye
2025-05-29 15:21:48,https://www.linkedin.com/feed/update/urn%3Ali%3AugcPost%3A7333865101650731010,Love this Jaiveer Shekhawat
2025-05-29 10:14:57,https://www.linkedin.com/feed/update/urn%3Ali%3Aactivity%3A7333730263484571648,Interested
2025-05-29 05:50:04,https://www.linkedin.com/feed/update/urn%3Ali%3Aactivity%3A7330133261718872065,Melvin Zoogah
2025-05-28 17:24:49,https://www.linkedin.com/feed/update/urn%3Ali%3AugcPost%3A7333462857272979473,Well done Gyanankur Baruah
2025-05-28 14:14:42,https://www.linkedin.com/feed/update/urn%3Ali%3Aactivity%3A7333473288259600401,"Love this Edwige F. Songong, PhD"
2025-05-28 14:13:39,https://www.linkedin.com/feed/update/urn%3Ali%3AugcPost%3A7333443693565157377,Happy for you 🎉
2025-05-28 14:12:45,https://www.linkedin.com/feed/update/urn%3Ali%3Aactivity%3A7332889928726450176,Congratulations 🎉
2025-05-28 14:12:10,https://www.linkedin.com/feed/update/urn%3Ali%3AugcPost%3A7333174405834977280,Congratulations!
2025-05-28 10:04:36,https://www.linkedin.com/feed/update/urn%3Ali%3AugcPost%3A7333242628349538305,"Love this, Wendy N.A.B."
2025-05-27 20:24:56,https://www.linkedin.com/feed/update/urn%3Ali%3AugcPost%3A7333174235986550784,Congratulations!
2025-05-27 15:11:41,https://www.linkedin.com/feed/update/urn%3Ali%3AugcPost%3A7332461964691935233,Excited for this
2025-05-27 13:39:58,https://www.linkedin.com/feed/update/urn%3Ali%3Aactivity%3A7333114841320087552,"Love this, Rebecca"
2025-05-27 13:39:45,https://www.linkedin.com/feed/update/urn%3Ali%3Aactivity%3A7333107307800625153,I strongly agree with you Mabel Darko
2025-05-27 10:54:07,https://www.linkedin.com/feed/update/urn%3Ali%3Aactivity%3A7332404954013372416,Birthday Blessings 🎉
2025-05-27 10:48:31,https://www.linkedin.com/feed/update/urn%3Ali%3Aactivity%3A7332876900379291648,"Excited to join this webinar! Data holds immense potential for solving Africa’s challenges, and I look forward to gaining insights on how we can harness it for real change. See you there!👍🚀"
2025-05-27 10:45:48,https://www.linkedin.com/feed/update/urn%3Ali%3AugcPost%3A7331309010865827840,"Love this, Olohuntoyin T"
2025-05-27 10:44:45,https://www.linkedin.com/feed/update/urn%3Ali%3AugcPost%3A7332883142627782656,Building the Ghana we want👍
2025-05-27 10:43:01,https://www.linkedin.com/feed/update/urn%3Ali%3AugcPost%3A7332701309004836864,"Love this, ENOCH"
2025-05-27 10:41:25,https://www.linkedin.com/feed/update/urn%3Ali%3AugcPost%3A7333025818773762048,"Insightful, thank you Deborah"
2025-05-27 10:41:09,https://www.linkedin.com/feed/update/urn%3Ali%3Aactivity%3A7329038041585479680,"👏 Well deserved, Hassan"
2025-05-27 10:40:42,https://www.linkedin.com/feed/update/urn%3Ali%3Aactivity%3A7332713626274787328,Love this
2025-05-27 10:40:26,https://www.linkedin.com/feed/update/urn%3Ali%3Aactivity%3A7332678472865071104,Great insights
2025-05-27 10:40:11,https://www.linkedin.com/feed/update/urn%3Ali%3Aactivity%3A7328837582186835969,"I can definitely relate, growth requires tough choices, and staying focused on your vision is key to reaching new heights.
Thank you for sharing Joseph Oteng"
2025-05-27 10:38:15,https://www.linkedin.com/feed/update/urn%3Ali%3Aactivity%3A7333059111468613632,"Incredible learning opportunity.
Looking forward to joining the Hands-On Excel Data Analysis Workshop and gaining valuable insights from this live supply chain project. See you on June 1!👍🚀"
2025-05-27 10:29:12,https://www.linkedin.com/feed/update/urn%3Ali%3Aactivity%3A7333063468993953792,Congratulations!
2025-05-27 08:38:19,https://www.linkedin.com/feed/update/urn%3Ali%3Aactivity%3A7333044786695766017,Congrats Oladunjoye! 🎉
2025-05-26 09:16:30,https://www.linkedin.com/feed/update/urn%3Ali%3Aactivity%3A7332661789022711808,Joshua Salami Peter Exactly Boss
2025-05-26 06:17:40,https://www.linkedin.com/feed/update/urn%3Ali%3Aactivity%3A7332349733383925760,I agree 💯
2025-05-25 16:08:50,https://www.linkedin.com/feed/update/urn%3Ali%3Aactivity%3A7332320966523457537,Congratulations Elia Somuah
2025-05-24 17:51:59,https://www.linkedin.com/feed/update/urn%3Ali%3AugcPost%3A7332058080282644480,"Love this, Aaron"
2025-05-24 12:16:18,https://www.linkedin.com/feed/update/urn%3Ali%3Aactivity%3A7331998704352043008,"Amarachi Grace Agiri, PMP® Exactly"
2025-05-23 12:52:25,https://www.linkedin.com/feed/update/urn%3Ali%3AugcPost%3A7330717673036619776,Congratulations 🎉
2025-05-23 12:46:17,https://www.linkedin.com/feed/update/urn%3Ali%3Aactivity%3A7331648753407258624,Well said Joseph
2025-05-23 12:45:41,https://www.linkedin.com/feed/update/urn%3Ali%3Aactivity%3A7331653769824309249,Excited for this
2025-05-23 11:16:58,https://www.linkedin.com/feed/update/urn%3Ali%3AugcPost%3A7331639129580949504,Wishing you the best
2025-05-23 10:01:16,https://www.linkedin.com/feed/update/urn%3Ali%3AugcPost%3A7331577246568042498,Delight I'm with you
2025-05-23 10:00:50,https://www.linkedin.com/feed/update/urn%3Ali%3Aactivity%3A7331304296447131648,"Love this, Nsisong"
2025-05-23 10:00:35,https://www.linkedin.com/feed/update/urn%3Ali%3AugcPost%3A7331575947994857472,Excited for this 🔥
2025-05-23 07:01:23,https://www.linkedin.com/feed/update/urn%3Ali%3Aactivity%3A7330630215745875968,"Exactly Only Quality Data is the best when it comes to Data Analytics Internship 
Congratulations Irene🎉"
2025-05-23 06:09:02,https://www.linkedin.com/feed/update/urn%3Ali%3Aactivity%3A7331559542872301568,"Love this, Joshua Salami"
2025-05-23 06:08:45,https://www.linkedin.com/feed/update/urn%3Ali%3Aactivity%3A7331560239936249856,Joshua Salami Peter
2025-05-22 18:27:32,https://www.linkedin.com/feed/update/urn%3Ali%3AugcPost%3A7331108220016476160,"Love this, Stephanie N."
2025-05-22 18:26:22,https://www.linkedin.com/feed/update/urn%3Ali%3AugcPost%3A7331338925120086017,Well done
2025-05-22 18:23:40,https://www.linkedin.com/feed/update/urn%3Ali%3AugcPost%3A7331267658484453376,Impressive
2025-05-22 18:23:11,https://www.linkedin.com/feed/update/urn%3Ali%3AugcPost%3A7329911305966981121,Love this Ekene
2025-05-22 18:05:21,https://www.linkedin.com/feed/update/urn%3Ali%3AugcPost%3A7330163515153879041,"Love this take, Peter"
2025-05-22 18:03:10,https://www.linkedin.com/feed/update/urn%3Ali%3Aactivity%3A7330530799210946561,This is a powerful reminder that true personal branding starts with excellence—visibility without substance is just noise! 🚀🔥
2025-05-22 17:51:54,https://www.linkedin.com/feed/update/urn%3Ali%3AugcPost%3A7329126261434249216,"Love this, Elia"
2025-05-22 17:42:14,https://www.linkedin.com/feed/update/urn%3Ali%3AugcPost%3A7328790469323255808,Well done Bernice
2025-05-22 07:07:19,https://www.linkedin.com/feed/update/urn%3Ali%3Aactivity%3A7331207439540776960,Claudia Obeng Fosuaa
2025-05-20 07:16:28,https://www.linkedin.com/feed/update/urn%3Ali%3Aactivity%3A7330133261718872065,Hassan Adebanke  Thank you
2025-05-19 11:31:37,https://www.linkedin.com/feed/update/urn%3Ali%3Aactivity%3A7330133261718872065,"Ijeoma Samuel 
Thank you"
2025-05-19 10:48:07,https://www.linkedin.com/feed/update/urn%3Ali%3Aactivity%3A7330160546417131521,Enjoy your stay Benedicta Benneh
2025-05-14 15:00:15,https://www.linkedin.com/feed/update/urn%3Ali%3AugcPost%3A7328426431116406784,"Thanks for sharing, Akerele"
2025-05-12 15:50:19,https://www.linkedin.com/feed/update/urn%3Ali%3AugcPost%3A7327686525016576001,Congratulations!
2025-05-10 18:27:09,https://www.linkedin.com/feed/update/urn%3Ali%3Aactivity%3A7327011234946433024,🎉 Excited for you
2025-05-09 13:48:18,https://www.linkedin.com/feed/update/urn%3Ali%3AugcPost%3A7326589015585886208,"Thanks for sharing, Korrapati"
2025-05-09 12:22:23,https://www.linkedin.com/feed/update/urn%3Ali%3Aactivity%3A7326567447258415104,"Love this, Wuraola"
2025-05-09 12:22:10,https://www.linkedin.com/feed/update/urn%3Ali%3AugcPost%3A7326566503732928512,Amazing
2025-05-09 09:57:09,https://www.linkedin.com/feed/update/urn%3Ali%3Aactivity%3A7326216809039228932,"👏 Well deserved, Derick"
2025-05-09 09:51:04,https://www.linkedin.com/feed/update/urn%3Ali%3AugcPost%3A7326196844819070976,"Cheers, Jessica 🎉"
2025-05-07 11:24:29,https://www.linkedin.com/feed/update/urn%3Ali%3Aactivity%3A7321330509035327488,"🎉 Major achievement, Daniela"
2025-05-07 11:21:22,https://www.linkedin.com/feed/update/urn%3Ali%3AugcPost%3A7325824626410856449,👏 Applauding your success
2025-05-07 11:18:11,https://www.linkedin.com/feed/update/urn%3Ali%3Aactivity%3A7325833709662728193,"Thanks for sharing, Joycelyn"
2025-05-07 10:11:47,https://www.linkedin.com/feed/update/urn%3Ali%3AugcPost%3A7325438241476603904,"Insightful, thank you Stephanie"
2025-05-07 10:05:58,https://www.linkedin.com/feed/update/urn%3Ali%3AugcPost%3A7325482446181806083,"Love this, AKINGBASO"
2025-05-07 10:01:37,https://www.linkedin.com/feed/update/urn%3Ali%3AugcPost%3A7325188031315910656,"Love this, Elia"
2025-05-07 09:49:14,https://www.linkedin.com/feed/update/urn%3Ali%3AugcPost%3A7325738656348946432,💡 Great insight
2025-05-07 09:38:41,https://www.linkedin.com/feed/update/urn%3Ali%3Aactivity%3A7325806693009842176,"Thanks for sharing, Favour"
2025-05-07 09:16:43,https://www.linkedin.com/feed/update/urn%3Ali%3Aactivity%3A7325473078187016193,Nice viz
2025-05-07 09:12:41,https://www.linkedin.com/feed/update/urn%3Ali%3Aactivity%3A7325805365621579776,Definitely worth reading
2025-05-06 12:01:09,https://www.linkedin.com/feed/update/urn%3Ali%3Aactivity%3A7325122084693553152,"Love this take, Joycelyn"
2025-05-06 12:00:08,https://www.linkedin.com/feed/update/urn%3Ali%3AugcPost%3A7325051418397040640,"Love this, Stephy"
2025-05-06 11:59:54,https://www.linkedin.com/feed/update/urn%3Ali%3Aactivity%3A7325434643011325952,Nice viz
2025-05-06 11:31:41,https://www.linkedin.com/feed/update/urn%3Ali%3Aactivity%3A7325398972984930305,"Love this take, David"
2025-05-05 13:51:25,https://www.linkedin.com/feed/update/urn%3Ali%3Aactivity%3A7322862205039706112,"Love this, Antwi"
2025-05-05 13:48:24,https://www.linkedin.com/feed/update/urn%3Ali%3Aactivity%3A7324587083275087872,Impressive
2025-05-05 10:13:47,https://www.linkedin.com/feed/update/urn%3Ali%3Aactivity%3A7325040123530653696,Insightful
2025-05-04 20:47:24,https://www.linkedin.com/feed/update/urn%3Ali%3AugcPost%3A7324790515726520321,Congrats Inna Diana! 🎉
2025-05-02 15:42:41,https://www.linkedin.com/feed/update/urn%3Ali%3AugcPost%3A7323684863528615938,Congrats Derrick Obrempong! 🎉
2025-05-01 20:08:01,https://www.linkedin.com/feed/update/urn%3Ali%3AugcPost%3A7323739883015921666,Congrats David! 🎉
2025-04-30 10:47:53,https://www.linkedin.com/feed/update/urn%3Ali%3Aactivity%3A7323284928224215040,"Love this, Gbenga"
2025-04-30 10:09:09,https://www.linkedin.com/feed/update/urn%3Ali%3Aactivity%3A7323286129871335426,🎉 Excited for you
2025-04-30 10:03:26,https://www.linkedin.com/feed/update/urn%3Ali%3Aactivity%3A7318628499529842688,"Keep shining, Esinam ⭐"
2025-04-30 10:02:31,https://www.linkedin.com/feed/update/urn%3Ali%3Aactivity%3A7322579087170916352,Thank God you’re back!!!
2025-04-30 10:00:32,https://www.linkedin.com/feed/update/urn%3Ali%3AugcPost%3A7321186190705995779,YES
2025-04-30 09:57:05,https://www.linkedin.com/feed/update/urn%3Ali%3Aactivity%3A7323201970087837696,Nice course
2025-04-30 09:55:41,https://www.linkedin.com/feed/update/urn%3Ali%3Aactivity%3A7322995649052835840,Nice work 👍
2025-04-30 09:54:00,https://www.linkedin.com/feed/update/urn%3Ali%3Aactivity%3A7320348266439622657,The real-world leap is tough but so rewarding. Growth truly begins where the structured path ends.
2025-04-30 09:49:00,https://www.linkedin.com/feed/update/urn%3Ali%3AugcPost%3A7323123582224510976,"Love this, Belinda"
2025-04-30 09:44:04,https://www.linkedin.com/feed/update/urn%3Ali%3Aactivity%3A7321462584145035264,Great insights
2025-04-30 09:43:06,https://www.linkedin.com/feed/update/urn%3Ali%3Aactivity%3A7320078879115636737,"Nice viz
Great Insights"
2025-04-30 09:41:11,https://www.linkedin.com/feed/update/urn%3Ali%3AugcPost%3A7321883607843672064,💡 Great insight Wendy
2025-04-30 09:38:50,https://www.linkedin.com/feed/update/urn%3Ali%3Aactivity%3A7322905513409564673,"Love this, Felix"
2025-04-30 09:37:26,https://www.linkedin.com/feed/update/urn%3Ali%3AugcPost%3A7323220539936845824,"Ene Ojaide Yes please
I have learnt a lot👍"
2025-04-30 09:32:51,https://www.linkedin.com/feed/update/urn%3Ali%3Aactivity%3A7323013187245694976,Nice viz💯
2025-04-30 09:32:37,https://www.linkedin.com/feed/update/urn%3Ali%3Aactivity%3A7323088192285356034,Nice viz💯
2025-04-30 09:26:59,https://www.linkedin.com/feed/update/urn%3Ali%3Aactivity%3A7323234965234532352,Nice viz💯
2025-04-30 09:26:12,https://www.linkedin.com/feed/update/urn%3Ali%3AugcPost%3A7322783306616348672,Nice viz💯
2025-04-30 09:16:39,https://www.linkedin.com/feed/update/urn%3Ali%3AugcPost%3A7323157220794224640,🎉 Excited for you
2025-04-30 09:11:39,https://www.linkedin.com/feed/update/urn%3Ali%3AugcPost%3A7323220539936845824,"Thanks for sharing, Ene"
2025-04-30 09:08:50,https://www.linkedin.com/feed/update/urn%3Ali%3AugcPost%3A7323187708732895232,"Huge congratulations on completing your first year🎉 Your journey is truly inspiring, from impactful research to empowering others through teaching."
2025-04-29 12:38:07,https://www.linkedin.com/feed/update/urn%3Ali%3Aactivity%3A7322646905161711616,"Wishing you luck, Kuan-Wei"
2025-04-29 12:35:48,https://www.linkedin.com/feed/update/urn%3Ali%3Aactivity%3A7322955285944242179,I agree 💯
2025-04-29 09:53:26,https://www.linkedin.com/feed/update/urn%3Ali%3AugcPost%3A7322906395131969537,"Cheers, Joycelyn 🎉"
2025-04-29 07:27:16,https://www.linkedin.com/feed/update/urn%3Ali%3AugcPost%3A7318551622438023169,Congrats Emmanuel! 🎉
2025-04-28 07:22:23,https://www.linkedin.com/feed/update/urn%3Ali%3Aactivity%3A7322507407962595328,"Love this take, David"
2025-04-27 16:04:25,https://www.linkedin.com/feed/update/urn%3Ali%3Aactivity%3A7321510471235166208,"🎉 Major achievement, Kwame"
2025-04-23 21:59:07,https://www.linkedin.com/feed/update/urn%3Ali%3AugcPost%3A7320802578831659008,Insightful
2025-04-23 21:58:53,https://www.linkedin.com/feed/update/urn%3Ali%3AugcPost%3A7320838382958313473,Great breakdown
2025-04-23 21:03:19,https://www.linkedin.com/feed/update/urn%3Ali%3Aactivity%3A7320854016245006336,"Absolutely love this❤️
Your honesty and resilience are inspiring. Building something meaningful does take time, and your consistency is already making a difference. Keep showing up, even when it’s quiet,your impact is louder than you think. Rooting for you all the way!!!"
2025-04-23 14:08:24,https://www.linkedin.com/feed/update/urn%3Ali%3Aactivity%3A7320810601302130690,"Thanks for sharing, Elijah"
2025-04-23 08:45:51,https://www.linkedin.com/feed/update/urn%3Ali%3AugcPost%3A7320551591952986113,Well said. Your degree is not a cage but a starting point👍
2025-04-21 14:45:37,https://www.linkedin.com/feed/update/urn%3Ali%3AugcPost%3A7320090868990816258,Well done Gabriel
2025-04-21 10:16:47,https://www.linkedin.com/feed/update/urn%3Ali%3Aactivity%3A7317444424777490433,God’s time is the best👍
2025-04-19 17:50:17,https://www.linkedin.com/feed/update/urn%3Ali%3Aactivity%3A7318219723177889792,"Turning a challenge into a thriving side hustle shows true resilience and creativity. 
Wishing you more growth and blessings with Anadwo Koko👏"
2025-04-19 14:54:13,https://www.linkedin.com/feed/update/urn%3Ali%3AugcPost%3A7319144582439448577,David Somenu You’re welcome
2025-04-19 13:38:28,https://www.linkedin.com/feed/update/urn%3Ali%3AugcPost%3A7318914060618510336,"Cheers, Helena 🎉"
2025-04-19 08:44:49,https://www.linkedin.com/feed/update/urn%3Ali%3AugcPost%3A7319144582439448577,Well done 👍
2025-04-18 05:15:17,https://www.linkedin.com/feed/update/urn%3Ali%3Aactivity%3A7318711768317399040,Thank you Samarth
2025-04-18 05:14:33,https://www.linkedin.com/feed/update/urn%3Ali%3Aactivity%3A7318711768317399040,Emmnuel Atinyo Thank you
2025-04-18 05:14:26,https://www.linkedin.com/feed/update/urn%3Ali%3Aactivity%3A7318711768317399040,Martha Afful Yes 👍
2025-04-17 20:35:16,https://www.linkedin.com/feed/update/urn%3Ali%3Aactivity%3A7318711768317399040,Stephen Akuoko oh yes. I’ll tackle that one in my next write up
2025-04-17 20:01:26,https://www.linkedin.com/feed/update/urn%3Ali%3Aactivity%3A7318711768317399040,Jonas Afful very nice program by ALX
2025-04-16 21:52:29,https://www.linkedin.com/feed/update/urn%3Ali%3Aactivity%3A7316437858804781056,Well done
2025-04-15 18:33:41,https://www.linkedin.com/feed/update/urn%3Ali%3Aactivity%3A7317956979925159936,"Cheers, David 🎉"
2025-04-11 14:55:54,https://www.linkedin.com/feed/update/urn%3Ali%3Aactivity%3A7313530930055241729,Rexford Gyamfi Yess🔥🎉
2025-04-10 13:38:50,https://www.linkedin.com/feed/update/urn%3Ali%3AugcPost%3A7315987365636857856,Nice viz📊
2025-04-10 10:20:47,https://www.linkedin.com/feed/update/urn%3Ali%3Aactivity%3A7316036391321174018,"Yes 🔥
We did hard things🎉"
2025-04-09 14:56:57,https://www.linkedin.com/feed/update/urn%3Ali%3AugcPost%3A7315708459977519107,Abisola Oyetunji yes 👍
2025-04-09 14:15:01,https://www.linkedin.com/feed/update/urn%3Ali%3AugcPost%3A7315708459977519107,😂
2025-04-08 19:42:07,https://www.linkedin.com/feed/update/urn%3Ali%3Aactivity%3A7315429650782916609,"Congratulations Rexford
We did hard things."
2025-04-08 13:14:28,https://www.linkedin.com/feed/update/urn%3Ali%3Aactivity%3A7315357937982459906,"Cheers🥂, Isaac 🎉"
2025-04-08 12:42:18,https://www.linkedin.com/feed/update/urn%3Ali%3AugcPost%3A7313530537472643072,Ajayi Odunayo Oluwayemi  Thank you 🙏
2025-04-08 06:35:47,https://www.linkedin.com/feed/update/urn%3Ali%3Aactivity%3A7315252237067345920,"Sounds really insightful, Freedom"
2025-04-07 12:24:07,https://www.linkedin.com/feed/update/urn%3Ali%3AugcPost%3A7313656197469908993,Griffiths Osei Ankomah
2025-04-07 12:18:21,https://www.linkedin.com/feed/update/urn%3Ali%3Aactivity%3A7314860749326041088,"🎉 Major achievement, Kezia"
2025-04-07 12:17:18,https://www.linkedin.com/feed/update/urn%3Ali%3Aactivity%3A7314554289346011136,Happy Birthday 🎂🎉 Joseph Oteng
2025-04-07 12:13:32,https://www.linkedin.com/feed/update/urn%3Ali%3AugcPost%3A7314965936027955200,Love this
2025-04-07 12:11:15,https://www.linkedin.com/feed/update/urn%3Ali%3Aactivity%3A7313530930055241729,Henry Penneigh
2025-04-06 16:56:29,https://www.linkedin.com/feed/update/urn%3Ali%3Aactivity%3A7313530930055241729,Charles Lartey  Thank you
2025-04-05 20:17:20,https://www.linkedin.com/feed/update/urn%3Ali%3Aactivity%3A7305502914360340483,Samuel Bentum  Thank you
2025-04-05 07:48:08,https://www.linkedin.com/feed/update/urn%3Ali%3AugcPost%3A7313530537472643072,Ebenezer Baafi
2025-04-04 18:09:01,https://www.linkedin.com/feed/update/urn%3Ali%3Aactivity%3A7313530930055241729,Samuel Kungarzore Thank you
2025-04-04 18:08:53,https://www.linkedin.com/feed/update/urn%3Ali%3Aactivity%3A7313530930055241729,Thank you ALX GHANA
2025-04-04 18:08:21,https://www.linkedin.com/feed/update/urn%3Ali%3AugcPost%3A7313530537472643072,Thank you ALX GHANA
2025-04-04 10:01:01,https://www.linkedin.com/feed/update/urn%3Ali%3Aactivity%3A7313817681390964736,"Thanks for sharing, Joshua Salami"
2025-04-04 10:00:04,https://www.linkedin.com/feed/update/urn%3Ali%3Aactivity%3A7313826678319792129,Congrats Jasmine! 🎉
2025-04-04 09:55:10,https://www.linkedin.com/feed/update/urn%3Ali%3AugcPost%3A7313656197469908993,Gloria Sarpong
2025-04-04 09:47:32,https://www.linkedin.com/feed/update/urn%3Ali%3AugcPost%3A7313530537472643072,Adiela Sam-ogide
2025-04-04 06:45:59,https://www.linkedin.com/feed/update/urn%3Ali%3AugcPost%3A7313656197469908993,Hassan Adebanke
2025-04-04 06:45:54,https://www.linkedin.com/feed/update/urn%3Ali%3AugcPost%3A7313656197469908993,Hassan Adebanke
2025-04-04 06:45:26,https://www.linkedin.com/feed/update/urn%3Ali%3AugcPost%3A7313656197469908993,David Somenu
2025-04-04 06:45:12,https://www.linkedin.com/feed/update/urn%3Ali%3AugcPost%3A7313530537472643072,Bernard Ofori
2025-04-03 21:33:20,https://www.linkedin.com/feed/update/urn%3Ali%3AugcPost%3A7313656197469908993,Daniel Coffie
2025-04-03 21:33:14,https://www.linkedin.com/feed/update/urn%3Ali%3AugcPost%3A7313656197469908993,Gabriel Ofori Boateng
2025-04-03 21:32:59,https://www.linkedin.com/feed/update/urn%3Ali%3AugcPost%3A7313530537472643072,Daniel Coffie
2025-04-03 20:35:29,https://www.linkedin.com/feed/update/urn%3Ali%3AugcPost%3A7313530537472643072,Emmnuel Atinyo Thank you My Guy
2025-04-03 16:51:58,https://www.linkedin.com/feed/update/urn%3Ali%3AugcPost%3A7313530537472643072,Samuel Kungarzore
2025-04-03 16:40:49,https://www.linkedin.com/feed/update/urn%3Ali%3AugcPost%3A7313530537472643072,Daniel Gyekye
2025-04-03 16:37:47,https://www.linkedin.com/feed/update/urn%3Ali%3Aactivity%3A7313530930055241729,Hassan Adebanke.
2025-04-03 13:58:20,https://www.linkedin.com/feed/update/urn%3Ali%3Aactivity%3A7313530930055241729,Matilda Esenam Gbeve Thank you 🙏
2025-04-03 13:57:51,https://www.linkedin.com/feed/update/urn%3Ali%3AugcPost%3A7313530537472643072,Joshua Salami Peter Thank you
2025-04-03 13:57:38,https://www.linkedin.com/feed/update/urn%3Ali%3AugcPost%3A7313530537472643072,Martha Afful Thank you
2025-04-03 13:57:27,https://www.linkedin.com/feed/update/urn%3Ali%3AugcPost%3A7313530537472643072,Hassan Adebanke Thank you
2025-04-03 13:32:42,https://www.linkedin.com/feed/update/urn%3Ali%3Aactivity%3A7313530930055241729,Jemimah Gidimadjor Thank you
2025-04-03 13:13:46,https://www.linkedin.com/feed/update/urn%3Ali%3Aactivity%3A7313530930055241729,David Somenu yes bro
2025-04-03 13:11:00,https://www.linkedin.com/feed/update/urn%3Ali%3Aactivity%3A7313530930055241729,Samarth Mahadik Thank you
2025-04-03 13:10:44,https://www.linkedin.com/feed/update/urn%3Ali%3Aactivity%3A7313530930055241729,David Somenu We did hard things🎉
2025-04-03 13:10:23,https://www.linkedin.com/feed/update/urn%3Ali%3Aactivity%3A7313530930055241729,Jeremiah Elorm Aleawobu
2025-04-03 13:10:15,https://www.linkedin.com/feed/update/urn%3Ali%3Aactivity%3A7313530930055241729,Gabriel Ofori Boateng
2025-04-03 13:10:06,https://www.linkedin.com/feed/update/urn%3Ali%3Aactivity%3A7313530930055241729,NATHANIEL FOLI Thank you
2025-04-03 13:09:37,https://www.linkedin.com/feed/update/urn%3Ali%3AugcPost%3A7313530537472643072,Emmanuel Kulefianu Dzotsiashie Thank you
2025-04-03 13:09:25,https://www.linkedin.com/feed/update/urn%3Ali%3AugcPost%3A7313530537472643072,Joel Akrowey Kaku Thank you
2025-04-03 11:27:40,https://www.linkedin.com/feed/update/urn%3Ali%3AugcPost%3A7313503233191104512,"Yesss!!
We did hard things🎉"
2025-04-02 10:25:46,https://www.linkedin.com/feed/update/urn%3Ali%3AugcPost%3A7313133602349740032,Love this Joyce
2025-04-01 16:33:31,https://www.linkedin.com/feed/update/urn%3Ali%3AgroupPost%3A8256390-7310733999876767744,"Your dashboard brilliantly transforms complex coffee shop sales data into an engaging and interactive narrative, showcasing how dynamic visualization can drive actionable insights."
2025-04-01 16:24:17,https://www.linkedin.com/feed/update/urn%3Ali%3AugcPost%3A7312862847015755776,"Keep shining, Naa Deede O. ⭐"
2025-04-01 16:12:10,https://www.linkedin.com/feed/update/urn%3Ali%3AugcPost%3A7312796727915220993,Nice viz💯
2025-04-01 16:11:15,https://www.linkedin.com/feed/update/urn%3Ali%3Aactivity%3A7312775739404144641,Every challenging dataset and complex analysis becomes an opportunity for growth when we believe that everything is learnable.
2025-04-01 16:09:28,https://www.linkedin.com/feed/update/urn%3Ali%3AugcPost%3A7312856439671160832,"Your project is a fantastic demonstration of how data analytics can drive impactful operational improvements in Nigeria’s travel industry. Congratulations on turning complex challenges into clear, actionable insights"
2025-04-01 07:37:47,https://www.linkedin.com/feed/update/urn%3Ali%3Aactivity%3A7305502914360340483,Gabriel Ofori Boateng
2025-04-01 07:37:42,https://www.linkedin.com/feed/update/urn%3Ali%3Aactivity%3A7305502914360340483,Dosantos Mugume
2025-04-01 07:37:29,https://www.linkedin.com/feed/update/urn%3Ali%3Aactivity%3A7305502914360340483,Samuel Kungarzore
2025-03-29 18:24:03,https://www.linkedin.com/feed/update/urn%3Ali%3Aactivity%3A7311778296759836672,Congrats Gabriel! 🎉
2025-03-29 14:48:13,https://www.linkedin.com/feed/update/urn%3Ali%3AugcPost%3A7311496432618766336,Congrats Kwame Adu! 🎉
2025-03-29 14:46:26,https://www.linkedin.com/feed/update/urn%3Ali%3AugcPost%3A7308098729465602049,Love this
2025-03-29 14:44:51,https://www.linkedin.com/feed/update/urn%3Ali%3Aactivity%3A7310294981880004608,💡 Great insight
2025-03-29 14:44:30,https://www.linkedin.com/feed/update/urn%3Ali%3AugcPost%3A7311753270421598208,"Thanks for sharing, Enoch"
2025-03-29 05:40:40,https://www.linkedin.com/feed/update/urn%3Ali%3AugcPost%3A7311276057788055552,David Somenu ❤️
2025-03-29 05:40:30,https://www.linkedin.com/feed/update/urn%3Ali%3AugcPost%3A7311276057788055552,Thank you Martha Afful
2025-03-28 15:43:52,https://www.linkedin.com/feed/update/urn%3Ali%3AugcPost%3A7311276057788055552,Thank you Victor
2025-03-28 11:59:59,https://www.linkedin.com/feed/update/urn%3Ali%3AugcPost%3A7311276057788055552,Adiela Sam-ogide
2025-03-28 11:59:28,https://www.linkedin.com/feed/update/urn%3Ali%3AugcPost%3A7311276057788055552,Fasugbe Oluwatosin Thnak you
2025-03-28 11:59:17,https://www.linkedin.com/feed/update/urn%3Ali%3AugcPost%3A7311276057788055552,Thank you David Tsubouchi
2025-03-28 10:57:43,https://www.linkedin.com/feed/update/urn%3Ali%3Aactivity%3A7311339060319387649,"Certificates are great, but true growth comes from consistent practice and real-world application. Building daily habits around learning and problem-solving is what sets top analysts apart."
2025-03-28 09:10:45,https://www.linkedin.com/feed/update/urn%3Ali%3Aactivity%3A7311290910384791552,Your journey into data analytics is inspiring!❤️👍
2025-03-28 09:08:41,https://www.linkedin.com/feed/update/urn%3Ali%3AugcPost%3A7311276057788055552,Temitope Ige
2025-03-28 09:08:31,https://www.linkedin.com/feed/update/urn%3Ali%3AugcPost%3A7311276057788055552,Ridwan Ola-Olatunji
2025-03-28 07:59:45,https://www.linkedin.com/feed/update/urn%3Ali%3Aactivity%3A7311280933607800833,"Love this take, Joshua Salami"
2025-03-28 07:26:26,https://www.linkedin.com/feed/update/urn%3Ali%3AugcPost%3A7311276057788055552,MOHAMMAD ISMAIL AHMED Thank you
2025-03-28 07:26:09,https://www.linkedin.com/feed/update/urn%3Ali%3AugcPost%3A7311276057788055552,Hassan Adebanke Thank you
2025-03-28 06:48:48,https://www.linkedin.com/feed/update/urn%3Ali%3AugcPost%3A7311276057788055552,Joshua Salami Peter Thank you 🙏
2025-03-27 20:56:56,https://www.linkedin.com/feed/update/urn%3Ali%3Aactivity%3A7311119768789372930,Congratulations!
2025-03-26 07:25:37,https://www.linkedin.com/feed/update/urn%3Ali%3Aactivity%3A7310556174213402624,This is a great reminder to be mindful of how we manage and protect our personal data.
2025-03-25 16:43:25,https://www.linkedin.com/feed/update/urn%3Ali%3AugcPost%3A7310312430524362753,Well done Vaishnavi Unecha
2025-03-25 16:41:28,https://www.linkedin.com/feed/update/urn%3Ali%3Aactivity%3A7310033199978504193,Nice work
2025-03-25 14:51:15,https://www.linkedin.com/feed/update/urn%3Ali%3Aactivity%3A7310120955756900352,"Well done Sandra Opoku
Keep doing hard things"
2025-03-24 11:31:40,https://www.linkedin.com/feed/update/urn%3Ali%3Aactivity%3A7309724727931994113,Love this
2025-03-23 15:55:38,https://www.linkedin.com/feed/update/urn%3Ali%3Aactivity%3A7309293100508577792,Wishing you the best
2025-03-21 10:56:01,https://www.linkedin.com/feed/update/urn%3Ali%3Aactivity%3A7305502914360340483,Thank you NELSON BENLE
2025-03-21 10:55:48,https://www.linkedin.com/feed/update/urn%3Ali%3Aactivity%3A7305502914360340483,ALBERTA BOTWE Thank you
2025-03-21 10:55:38,https://www.linkedin.com/feed/update/urn%3Ali%3Aactivity%3A7305502914360340483,Kwame Oduro Thank you
2025-03-21 10:55:29,https://www.linkedin.com/feed/update/urn%3Ali%3Aactivity%3A7305502914360340483,Emmnuel Atinyo Thank you
2025-03-17 18:51:26,https://www.linkedin.com/feed/update/urn%3Ali%3Aactivity%3A7307430519493820419,"Incredible journey, NATHANIEL"
2025-03-12 18:23:25,https://www.linkedin.com/feed/update/urn%3Ali%3AugcPost%3A7305641524397035521,"Caroline, your hard work shows"
2025-03-12 18:15:12,https://www.linkedin.com/feed/update/urn%3Ali%3Aactivity%3A7305502914360340483,Richmond Appiah Osei Thank you
2025-03-12 18:14:54,https://www.linkedin.com/feed/update/urn%3Ali%3Aactivity%3A7305502914360340483,David Somenu Thank you for assistance🙏
2025-03-12 18:14:04,https://www.linkedin.com/feed/update/urn%3Ali%3Aactivity%3A7305502914360340483,Farida Thank you 🙏
2025-03-12 18:13:45,https://www.linkedin.com/feed/update/urn%3Ali%3Aactivity%3A7305502914360340483,NATHANIEL FOLI Thank you bro
2025-03-12 18:13:36,https://www.linkedin.com/feed/update/urn%3Ali%3Aactivity%3A7305502914360340483,Thank you Martha
2025-03-12 08:29:15,https://www.linkedin.com/feed/update/urn%3Ali%3Aactivity%3A7305502914360340483,Thank you Joshua Salami Peter
2025-03-05 11:24:06,https://www.linkedin.com/feed/update/urn%3Ali%3AugcPost%3A7302988349173096449,Love this
2025-03-03 14:26:15,https://www.linkedin.com/feed/update/urn%3Ali%3Aactivity%3A7302331691916840960,Love this
2025-02-28 12:17:17,https://www.linkedin.com/feed/update/urn%3Ali%3AugcPost%3A7301209707489173504,Well done Komal
2025-02-28 07:17:55,https://www.linkedin.com/feed/update/urn%3Ali%3Aactivity%3A7301135183611654144,Very informative
2025-02-26 13:38:21,https://www.linkedin.com/feed/update/urn%3Ali%3AugcPost%3A7299915521498451968,"Congratulations on this incredible achievement! 
Graduating with a Doctor of Pharmacy degree is no small feat."
2025-02-26 13:29:49,https://www.linkedin.com/feed/update/urn%3Ali%3AugcPost%3A7296519207515484161,"This is an impactful way to give back. Mentorship plays a crucial role in shaping future professionals, and sharing real-world insights makes all the difference. Your emphasis on clarity, commitment, and perseverance is a powerful lesson for anyone pursuing success. Kudos to you for investing in the next generation"
2025-02-26 13:24:04,https://www.linkedin.com/feed/update/urn%3Ali%3AugcPost%3A7300393819299008512,Well done Abhishek
2025-02-26 13:20:36,https://www.linkedin.com/feed/update/urn%3Ali%3Aactivity%3A7297598071524265984,"Powerful reflection! It’s so easy to fall into the trap of comparison, but shifting our mindset to one of inspiration makes all the difference. LinkedIn is truly what we make of it, whether as a learning hub, a networking space, or a source of motivation. Thanks for sharing this reminder to celebrate others while staying focused on our own journeys. Definitely feeling inspired! 🚀👏"
2025-02-26 13:15:50,https://www.linkedin.com/feed/update/urn%3Ali%3AugcPost%3A7296856170319757313,"Secretaries play a crucial role in organizational success, and equipping them with modern skills."
2025-02-26 13:14:37,https://www.linkedin.com/feed/update/urn%3Ali%3AugcPost%3A7300457246671482880,Congrats Goutam Kumar! 🎉
2025-02-26 13:14:17,https://www.linkedin.com/feed/update/urn%3Ali%3AugcPost%3A7299162227515781120,"#AI is more than just a buzzword—it’s about real, strategic integration that enhances business operations and customer experiences. It’s refreshing to see a focus on understanding AI’s true value rather than just following trends. The Datamellon launch sounds like an incredible opportunity to witness and contribute to Africa’s growing AI ecosystem."
2025-02-26 13:10:13,https://www.linkedin.com/feed/update/urn%3Ali%3Aactivity%3A7300494786451435520,"Integrity is the foundation of a lasting and successful career. In a world where shortcuts might seem tempting, honesty remains the best strategy—your reputation is your most valuable asset."
2025-02-26 12:55:17,https://www.linkedin.com/feed/update/urn%3Ali%3AugcPost%3A7298837657210486784,"Love this perspective! Content creation goes beyond visuals—it’s about crafting a narrative that resonates and drives impact. It’s great to see how you’re blending design, video, and writing into a strategic approach."
2025-02-26 12:53:28,https://www.linkedin.com/feed/update/urn%3Ali%3AugcPost%3A7299935424498565120,This is amazing—congrats on impressing your lecturer and getting to demo in front of such a huge audience! 🚀
2025-02-26 12:51:07,https://www.linkedin.com/feed/update/urn%3Ali%3Aactivity%3A7299800825537654789,"The analogy of life as an arcade game is spot on—no matter how much we achieve, the difficulty level keeps increasing, and without contentment, the pursuit feels endless. The distinction between purpose and means is a lesson many learn too late. True success isn’t about accumulation but about fulfilling what we were created for. Thanks for sharing this wisdom."
2025-02-26 12:40:10,https://www.linkedin.com/feed/update/urn%3Ali%3AugcPost%3A7299692695642423296,Great work on tackling the Onyx Merchandise sales analysis challenge
2025-02-25 05:22:39,https://www.linkedin.com/feed/update/urn%3Ali%3AugcPost%3A7299954324640616449,This is great
2025-02-24 16:07:59,https://www.linkedin.com/feed/update/urn%3Ali%3Aactivity%3A7299748544050032640,"Your journey in data analysis is truly inspiring
The strategies you’ve outlined; continuous learning, embracing challenges, and building a portfolio are essential for growth in this dynamic field. 
It’s exciting to see how your work with the Africa Agility Foundation  is not only enhancing your skills but also contributing to the digital empowerment of Africa. 
Keep up the great work!"
2025-02-24 16:04:04,https://www.linkedin.com/feed/update/urn%3Ali%3AugcPost%3A7299809864363511808,What an achievement NATHANIEL FOLI
2025-02-24 13:30:11,https://www.linkedin.com/feed/update/urn%3Ali%3Aactivity%3A7299727118416920576,Congrats Helena! 🎉
2025-02-24 13:29:55,https://www.linkedin.com/feed/update/urn%3Ali%3AugcPost%3A7299698088099635200,"Great work🔥
This is such an insightful analysis! It’s eye-opening to see how data can reveal the deeper challenges in healthcare systems, from treatment failures to rising costs and patient dissatisfaction. Your recommendations highlight the importance of data-driven decisions, not just for improving patient care, but for optimizing resources and building trust. It’s a powerful reminder that in healthcare, data isn’t just numbers, it’s the key to making meaningful, lasting changes."
2025-02-24 13:20:56,https://www.linkedin.com/feed/update/urn%3Ali%3Aactivity%3A7299770398701752322,Congrats Hassan! 🎉
2025-02-22 14:14:35,https://www.linkedin.com/feed/update/urn%3Ali%3Aactivity%3A7299045563252023296,"Great tips! 
Tracking my spending has been a game-changer for me. It’s amazing how small adjustments can make a big difference over time. Automating savings is next on my list! Thanks for sharing."
2025-02-22 08:15:37,https://www.linkedin.com/feed/update/urn%3Ali%3Aactivity%3A7298959743409086464,"Congratulations on this milestone,Joshua Salami Peter  3K+ and counting, your insights and dedication to the data community are truly inspiring. Here’s to even more growth and impact🚀🔥"
2025-02-22 06:55:15,https://www.linkedin.com/feed/update/urn%3Ali%3Aactivity%3A7297510693208031233,Femi Antwi It isn’t easy bro😂
2025-02-21 07:57:10,https://www.linkedin.com/feed/update/urn%3Ali%3Aactivity%3A7298443610478309376,David Somenu Thank you 🙏
2025-02-20 20:53:18,https://www.linkedin.com/feed/update/urn%3Ali%3Aactivity%3A7298440080937897984,Congrats Isaac! 🎉
2025-02-19 15:15:44,https://www.linkedin.com/feed/update/urn%3Ali%3Aactivity%3A7297806913033920512,Powerful words
2025-02-19 11:39:06,https://www.linkedin.com/feed/update/urn%3Ali%3AugcPost%3A7297933704054652928,Well done
2025-02-19 11:38:47,https://www.linkedin.com/feed/update/urn%3Ali%3Aactivity%3A7296938048620032000,Love this
2025-02-19 11:38:08,https://www.linkedin.com/feed/update/urn%3Ali%3Aactivity%3A7297932963466416128,"Transitioning from basic drag-and-drop to mastering DAX truly unlocks Power BI’s full potential. I remember grappling with CALCULATE and FILTER functions initially, but with practice, they became indispensable tools in my analytics toolkit."
2025-02-19 11:00:32,https://www.linkedin.com/feed/update/urn%3Ali%3Aactivity%3A7297510693208031233,Thank you David
2025-02-19 10:58:54,https://www.linkedin.com/feed/update/urn%3Ali%3Aactivity%3A7297918478718492672,Well done Joycelyn
2025-02-19 08:02:40,https://www.linkedin.com/feed/update/urn%3Ali%3Aactivity%3A7297510693208031233,Brian Quartey Thank you
2025-02-18 13:42:05,https://www.linkedin.com/feed/update/urn%3Ali%3AugcPost%3A7297609456257777666,Congrats Paul Funchious! 🎉
2025-02-18 11:58:34,https://www.linkedin.com/feed/update/urn%3Ali%3Aactivity%3A7297573465732083712,Well done Jeremiah Elorm
2025-02-18 11:58:00,https://www.linkedin.com/feed/update/urn%3Ali%3Aactivity%3A7297510693208031233,ALX GHANA Thank you for the opportunity
2025-02-18 11:57:46,https://www.linkedin.com/feed/update/urn%3Ali%3Aactivity%3A7297510693208031233,Satyam Purohit Thank you 🙏
2025-02-18 10:11:29,https://www.linkedin.com/feed/update/urn%3Ali%3Aactivity%3A7297510693208031233,Uju Emmanuella Thabk you
2025-02-18 08:44:12,https://www.linkedin.com/feed/update/urn%3Ali%3Aactivity%3A7297510693208031233,NATHANIEL FOLI Thank you🙏❤️
2025-02-17 18:43:50,https://www.linkedin.com/feed/update/urn%3Ali%3Aactivity%3A7297151728771121153,"Wow, three Master’s degrees and still going strong, what an incredible achievement! Congratulations on this milestone! Your perseverance and dedication are truly inspiring. Wishing you even more success ahead."
2025-02-16 18:16:58,https://www.linkedin.com/feed/update/urn%3Ali%3AugcPost%3A7296938541765304320,Well done Gabriel
2025-02-16 15:53:13,https://www.linkedin.com/feed/update/urn%3Ali%3Aactivity%3A7296785078016245761,Great news
2025-02-15 16:02:31,https://www.linkedin.com/feed/update/urn%3Ali%3Aactivity%3A7295890588518825984,"Absolutely resonate with this journey! 
SQL can indeed feel like a foreign language at first, but with persistence, it becomes an invaluable tool. Keep pushing through those challenges; the insights you’ll uncover are worth every bit of effort. 🔥👍"
2025-02-14 11:30:56,https://www.linkedin.com/feed/update/urn%3Ali%3AugcPost%3A7296118430657568769,Congratulations! 🎉
2025-02-13 10:30:11,https://www.linkedin.com/feed/update/urn%3Ali%3AugcPost%3A7295073723542343680,"Your update is fantastic!
It’s inspiring to see how you’ve leveraged Excel to create a dashboard that not only simplifies complex data but also drives strategic insights."
2025-02-13 10:25:41,https://www.linkedin.com/feed/update/urn%3Ali%3AugcPost%3A7295382992078696449,Congrats Kenneth! 🎉
2025-02-13 09:56:48,https://www.linkedin.com/feed/update/urn%3Ali%3Aactivity%3A7295562263237681153,"Thank you for sharing your journey in data analytics. Your experience resonates deeply with many in the field, highlighting the often unseen challenges we face. The process of transforming raw, messy data into meaningful insights requires perseverance, critical thinking, and effective collaboration. It’s inspiring to see how you navigated “The Stretch” during your training with Africa Agility Foundation, leveraging teamwork to overcome obstacles. Your story underscores the importance of resilience and the value of a supportive network in professional growth. 
Thank you for encouraging others to share their experiences; such dialogues enrich our collective understanding and foster a stronger community."
2025-02-13 09:51:44,https://www.linkedin.com/feed/update/urn%3Ali%3AugcPost%3A7294434255630200832,Very helpful
2025-02-13 09:47:50,https://www.linkedin.com/feed/update/urn%3Ali%3Aactivity%3A7295724978795143170,"Thank you for shedding light on the distinctions between Data Analysts and Business Analysts. 
As a Data Analyst, I find that while we delve deep into data to extract actionable insights, collaborating with Business Analysts is crucial. Their strategic perspective ensures that our data-driven findings align with overarching business objectives, leading to effective solutions. Understanding both roles enhances our ability to drive informed decision-making within organizations."
2025-02-12 21:14:12,https://www.linkedin.com/feed/update/urn%3Ali%3Aactivity%3A7295545451011874816,Great advice
2025-02-12 20:45:15,https://www.linkedin.com/feed/update/urn%3Ali%3Aactivity%3A7295392606501376000,Can't wait
2025-02-12 20:40:12,https://www.linkedin.com/feed/update/urn%3Ali%3AugcPost%3A7295486302978793472,Excellent work Judith
2025-02-12 09:34:59,https://www.linkedin.com/feed/update/urn%3Ali%3AugcPost%3A7295227488564080640,Great opportunity
2025-02-11 13:52:27,https://www.linkedin.com/feed/update/urn%3Ali%3Aactivity%3A7295048192780308482,Congrats Kwame Boateng!
2025-02-11 13:51:05,https://www.linkedin.com/feed/update/urn%3Ali%3AugcPost%3A7294997222729940993,"Love this! 
That curiosity-driven “just one more lesson” feeling is exactly what makes learning stick."
2025-02-10 19:25:47,https://www.linkedin.com/feed/update/urn%3Ali%3Aactivity%3A7294774100843986945,Great advice
2025-02-10 09:12:10,https://www.linkedin.com/feed/update/urn%3Ali%3AugcPost%3A7292242927982907392,"ALX🔥🔥🔥
Hard things are doing me
3 weeks to go🔥🎉🎉🎉"
2025-02-10 08:58:39,https://www.linkedin.com/feed/update/urn%3Ali%3Aactivity%3A7294391324089212929,Well done Esinam
2025-02-10 08:58:07,https://www.linkedin.com/feed/update/urn%3Ali%3Aactivity%3A7294638785458298881,Joshua Salami Peter I agree
2025-02-06 18:06:12,https://www.linkedin.com/feed/update/urn%3Ali%3Aactivity%3A7289395152568098816,Well done Bashirah
2025-02-06 18:05:39,https://www.linkedin.com/feed/update/urn%3Ali%3Aactivity%3A7292985657109454848,Congrats Paa Kwasi Saka!
2025-02-06 17:06:30,https://www.linkedin.com/feed/update/urn%3Ali%3AugcPost%3A7293305405294673921,Well done Edwin
2025-02-06 17:02:25,https://www.linkedin.com/feed/update/urn%3Ali%3AugcPost%3A7293229492917919744,Nice viz
2025-02-06 16:58:56,https://www.linkedin.com/feed/update/urn%3Ali%3Aactivity%3A7293180617054167040,Delight Abioye Talk to me directly 😂
2025-02-06 16:58:25,https://www.linkedin.com/feed/update/urn%3Ali%3Aactivity%3A7293180617054167040,"Great insight! I used to focus on reading as many books as possible, thinking it was the key to growth. But I’ve realized that transformation comes from application, not just information. 
Quality over quantity makes a huge difference. Thanks for the reminder!"
2025-02-06 16:47:52,https://www.linkedin.com/feed/update/urn%3Ali%3Aactivity%3A7293281355163971584,Well done Samuel Amartey
2025-02-06 07:55:34,https://www.linkedin.com/feed/update/urn%3Ali%3AugcPost%3A7293040762181619712,Great insights
2025-02-05 10:15:14,https://www.linkedin.com/feed/update/urn%3Ali%3AugcPost%3A7292814791608266754,Absolutely loved reading about your Power Pivot experience.  Your passion for data analysis is contagious. It's amazing how tools like Power Pivot can transform complex datasets into something manageable and insightful. Keep sharing these insights.
2025-02-05 09:54:33,https://www.linkedin.com/feed/update/urn%3Ali%3Aactivity%3A7292800587690115073,Well done Joshua Salami
2025-02-04 22:09:51,https://www.linkedin.com/feed/update/urn%3Ali%3Aactivity%3A7292539275177304065,Well done Naveen
2025-02-04 21:48:13,https://www.linkedin.com/feed/update/urn%3Ali%3AugcPost%3A7292621676091961344,Wishing you the best
2025-02-04 21:40:53,https://www.linkedin.com/feed/update/urn%3Ali%3Aactivity%3A7292627055928659968,Impressive
2025-02-04 18:43:32,https://www.linkedin.com/feed/update/urn%3Ali%3Aactivity%3A7269295516155322368,God did🎉
2025-02-04 16:25:03,https://www.linkedin.com/feed/update/urn%3Ali%3Aactivity%3A7292572092896530432,"Incredible event.
Looking forward to gaining insights from  Bochum Samuel Bache on leadership and innovation. 
A great opportunity to learn and connect! #Leadership #DataSkills #ImpactMindsNetwork"
2025-02-04 12:16:29,https://www.linkedin.com/feed/update/urn%3Ali%3Aactivity%3A7292512276270510080,Insightful
2025-02-04 11:53:39,https://www.linkedin.com/feed/update/urn%3Ali%3Aactivity%3A7292474507645087747,Looks great
2025-02-03 17:32:05,https://www.linkedin.com/feed/update/urn%3Ali%3Aactivity%3A7292091318099480576,"Great post! 🙌 
Busting these myths is so important for anyone looking to dive into data analytics. It's all about being open to learning and not letting misconceptions hold you back. 
Which of these myths did you believe before getting started? Let's chat about it in the comments!"
2025-02-03 17:26:18,https://www.linkedin.com/feed/update/urn%3Ali%3Aactivity%3A7292190214913933314,Fantastic work
2025-02-03 17:26:01,https://www.linkedin.com/feed/update/urn%3Ali%3AugcPost%3A7292167878382911489,"Your journey with Africa Agility Foundation sounds absolutely incredible!
 It's amazing to see your enthusiasm and commitment to learning and growing in the field of data analytics. Kudos to your facilitator,Esther, for making the learning experience so engaging and valuable. 
The insights you've shared are truly inspiring and highlight the importance of both technical and soft skills in the data industry. Keep it up 👏"
2025-02-03 17:20:46,https://www.linkedin.com/feed/update/urn%3Ali%3AugcPost%3A7292210939091726336,"What an exciting start to the new semester! 🌟 
It's great to hear that you've been able to dive into your lectures and meet new lecturers despite the challenges. Helping new students transition smoothly is such a valuable contribution,kudos to you for making a difference! 😊
Best of luck with your role as the Comm and PRO for KIC YAF - KNUST. I'm sure you'll have an amazing year ahead filled with opportunities. Let's all make the most of what campus life has to offer! 🤩"
2025-02-03 17:13:55,https://www.linkedin.com/feed/update/urn%3Ali%3AugcPost%3A7292185117102350337,Congratulations!
2025-02-03 13:59:06,https://www.linkedin.com/feed/update/urn%3Ali%3AugcPost%3A7291051399327444992,Fantastic work
2025-02-03 13:57:16,https://www.linkedin.com/feed/update/urn%3Ali%3AugcPost%3A7292150729924833280,Such valuable insights into what makes a top-notch data analyst! 🌟 It's evident that cultivating these habits can set one apart in the data world.
2025-02-03 13:55:04,https://www.linkedin.com/feed/update/urn%3Ali%3Aactivity%3A7292117931822387201,"Such an empowering message! 
Preparation is indeed the key to unlocking opportunities."
2025-02-03 13:53:31,https://www.linkedin.com/feed/update/urn%3Ali%3Aactivity%3A7292108321535217664,"What a fantastic reflection on the importance of holistic growth in our careers! 🌟 It’s inspiring to see initiatives like #JanuaryJumpstart making a difference in both technical and soft skills. Maven Analytics truly knows how to start the year off right. 
🎓 Here’s to continuous learning and personal development in 2025! 🚀"
2025-02-03 13:51:32,https://www.linkedin.com/feed/update/urn%3Ali%3AugcPost%3A7291764182595592192,Fantastic insights
2025-02-03 13:50:09,https://www.linkedin.com/feed/update/urn%3Ali%3AugcPost%3A7292132067629305858,What a brilliant initiative!
2025-02-03 13:47:27,https://www.linkedin.com/feed/update/urn%3Ali%3Aactivity%3A7292085687879696385,"Insightful reminder! 🌟 
It’s true;being intentional with our actions can make all the difference."
2025-02-03 13:20:06,https://www.linkedin.com/feed/update/urn%3Ali%3AugcPost%3A7292143456603271168,Well done Mayur🎉
2025-02-03 13:19:50,https://www.linkedin.com/feed/update/urn%3Ali%3AugcPost%3A7292150738263166976,So nice
2025-02-02 16:04:05,https://www.linkedin.com/feed/update/urn%3Ali%3Aactivity%3A7291837431899684864,Well done Ankamah
2025-02-02 14:45:24,https://www.linkedin.com/feed/update/urn%3Ali%3Aactivity%3A7290766778056470529,Najib T. Paying $5 monthly
2025-02-02 14:44:34,https://www.linkedin.com/feed/update/urn%3Ali%3AugcPost%3A7291825847685033984,Insightful
2025-02-01 17:54:34,https://www.linkedin.com/feed/update/urn%3Ali%3Aactivity%3A7291484920286167041,Interesting event
2025-01-31 16:50:05,https://www.linkedin.com/feed/update/urn%3Ali%3AugcPost%3A7290082342050693122,Nice viz
2025-01-31 16:49:38,https://www.linkedin.com/feed/update/urn%3Ali%3Aactivity%3A7291055035008860160,Nice viz
2025-01-31 16:47:57,https://www.linkedin.com/feed/update/urn%3Ali%3Aactivity%3A7286306031708569600,Congratulations Bro 🎉
2025-01-31 16:47:23,https://www.linkedin.com/feed/update/urn%3Ali%3AugcPost%3A7291036856555560960,Congrats Mayank!
2025-01-31 11:20:10,https://www.linkedin.com/feed/update/urn%3Ali%3Aactivity%3A7287232265426784256,Love this
2025-01-30 20:53:58,https://www.linkedin.com/feed/update/urn%3Ali%3Aactivity%3A7290766778056470529,"Do hard things
I’m in week 10 of the Data Analytics programme"
2025-01-29 09:26:54,https://www.linkedin.com/feed/update/urn%3Ali%3AugcPost%3A7290220080741679104,Congrats David
2025-01-28 15:25:54,https://www.linkedin.com/feed/update/urn%3Ali%3Aactivity%3A7290026635867697153,"Great advice
Mastering the basics builds a strong foundation and makes it easier to tackle more advanced concepts over time."
2025-01-28 10:36:38,https://www.linkedin.com/feed/update/urn%3Ali%3AugcPost%3A7289338688507969536,Well done Kelvin Adu
2025-01-28 10:35:50,https://www.linkedin.com/feed/update/urn%3Ali%3Aactivity%3A7289925124785385475,I agree
2025-01-27 18:42:31,https://www.linkedin.com/feed/update/urn%3Ali%3AugcPost%3A7289673624028938241,Well done David
2025-01-27 11:08:42,https://www.linkedin.com/feed/update/urn%3Ali%3Aactivity%3A7289560980605333504,Well done Joshua
2025-01-27 08:23:41,https://www.linkedin.com/feed/update/urn%3Ali%3Aactivity%3A7289368415876653056,Wishing you the best
2025-01-27 07:31:33,https://www.linkedin.com/feed/update/urn%3Ali%3Aactivity%3A7289544984012247040,"Such a relatable post.
 It’s so easy to get caught up in being busy instead of being productive."
2025-01-25 17:00:35,https://www.linkedin.com/feed/update/urn%3Ali%3Aactivity%3A7239004424612851712,Vanessa Ayiku-Teye You’re welcome
2025-01-25 13:10:17,https://www.linkedin.com/feed/update/urn%3Ali%3Aactivity%3A7288833875793854466,"This post hits home. It’s so easy to feel guilty about taking breaks, but your reminder that rest actually fuels progress is so important."
2025-01-25 13:09:11,https://www.linkedin.com/feed/update/urn%3Ali%3Aactivity%3A7288836054239825920,"This is an impressive project.
Your detailed approach to tackling house price prediction highlights the importance of combining technical rigor with actionable insights."
2025-01-25 13:08:06,https://www.linkedin.com/feed/update/urn%3Ali%3Aactivity%3A7287077305099689985,"This is so inspiring! 
Your journey shows that with determination and consistency, growth is inevitable. 
Starting with the basics and building up is such valuable advice. My learning phase was challenging too, especially grasping SQL and storytelling through dashboards, but persistence made the difference. 
Thanks for sharing your story—it’s motivating."
2025-01-25 12:52:30,https://www.linkedin.com/feed/update/urn%3Ali%3AugcPost%3A7288620368737529856,What an inspiring story of growth and courage
2025-01-25 12:50:48,https://www.linkedin.com/feed/update/urn%3Ali%3AugcPost%3A7288869028259860480,Well done Ganesh
2025-01-25 12:48:15,https://www.linkedin.com/feed/update/urn%3Ali%3Aactivity%3A7287024661211537408,"Such a comprehensive guide.
Thank you for sharing these tips! 
📌Power Query is definitely a game-changer when dealing with missing values, and I’ve found the ‘Go To Special’ feature super handy for quick fixes. 
📌The additional methods you’ve shared are also great for exploring more advanced options. I’m curious, which method do you find most efficient for larger datasets? Looking forward to learning more from your posts!”"
2025-01-25 12:43:16,https://www.linkedin.com/feed/update/urn%3Ali%3Aactivity%3A7288887847166619650,"Wow, Nyamekye, this is so inspiring! Saying ‘no’ to excuses and stepping out of your comfort zone is such a powerful mindset."
2025-01-25 12:21:01,https://www.linkedin.com/feed/update/urn%3Ali%3Aactivity%3A7287902794672435200,"Great insights! 
Visualization truly bridges the gap between data and decision-making. I usually determine the best visualization method by first identifying the story the data needs to tell."
2025-01-25 11:30:25,https://www.linkedin.com/feed/update/urn%3Ali%3Aactivity%3A7288157998919598080,Nice viz
2025-01-25 11:29:44,https://www.linkedin.com/feed/update/urn%3Ali%3Aactivity%3A7288872597960683520,"Such a powerful and inspiring reminder! 
Success truly comes from persistence, consistency, and stepping out of your comfort zone.
Have a great weekend too!"
2025-01-25 08:06:47,https://www.linkedin.com/feed/update/urn%3Ali%3AugcPost%3A7284650261686484992,"This is such a thoughtful and impactful approach to advocacy! 
Using arts and storytelling to reach marginalized communities is brilliant, as it makes critical messages more relatable."
2025-01-25 07:55:47,https://www.linkedin.com/feed/update/urn%3Ali%3Aactivity%3A7288672617966804992,"What an achievement!!! 
At just 13, Melchizedek is breaking barriers and showing what’s possible with dedication and passion. Wishing him all the best as he explores his love for Physics."
2025-01-25 07:53:14,https://www.linkedin.com/feed/update/urn%3Ali%3Aactivity%3A7288813795550875648,"Focus and intentionality are truly game-changers. What we give our time and attention to shapes our outcomes, and this is such a powerful reminder to prioritize wisely and stay committed."
2025-01-25 07:49:43,https://www.linkedin.com/feed/update/urn%3Ali%3AugcPost%3A7286984391568830464,"Great work! A well-designed finance dashboard can truly transform how financial data is understood and utilized. I love the emphasis on KPIs and interactivity—those are game-changers for decision-making. 
Looking forward to seeing your project."
2025-01-25 07:45:07,https://www.linkedin.com/feed/update/urn%3Ali%3AugcPost%3A7288813129432461312,"Such a fun post! I wanted to be a pilot growing up because flying seemed magical. I ended up studying Agricultural Engineering and now I’m practicing as a Data Analyst, combining engineering concepts with data to solve real-world problems. 
Life always has a funny way of connecting the dots!"
2025-01-25 07:40:03,https://www.linkedin.com/feed/update/urn%3Ali%3Aactivity%3A7288820401613250560,"Great post! 
I joined LinkedIn to learn from professionals in my field, share my growth journey, and connect with like-minded individuals. It’s amazing how much value the platform offers when you dive into it."
2025-01-24 20:16:18,https://www.linkedin.com/feed/update/urn%3Ali%3Aactivity%3A7285555132589654017,It’s amazing how your entrepreneurial spirit was evident from such a young age. This post is a great reminder to reflect on childhood passions and how they can shape our paths. Thanks for sharing Mabel Darko
2025-01-24 20:13:04,https://www.linkedin.com/feed/update/urn%3Ali%3AugcPost%3A7286189079082237952,"I love to type it one by one
I’ll get another work to do if I finish early😂"
2025-01-24 18:14:58,https://www.linkedin.com/feed/update/urn%3Ali%3Aactivity%3A7288611900110585864,Nice viz
2025-01-24 17:27:35,https://www.linkedin.com/feed/update/urn%3Ali%3AugcPost%3A7284485465678745601,"Welcome back, and Happy New Year! 
It’s inspiring to see how you’ve used your time away to grow and make such a meaningful impact as a coach and mentor."
2025-01-24 15:36:26,https://www.linkedin.com/feed/update/urn%3Ali%3AugcPost%3A7284781448425807873,Congratulations on this well-deserved recognition! It’s inspiring to see your dedication to teaching and supporting students acknowledged in such a meaningful way.
2025-01-24 15:33:13,https://www.linkedin.com/feed/update/urn%3Ali%3AugcPost%3A7287098512876421120,"Sounds like an incredible experience filled with learning, connection, and growth! It’s inspiring to see you taking such proactive steps to immerse yourself in the actuarial field and build meaningful relationships. 
Wishing you continued success on your journey as an aspiring actuary!"
2025-01-24 15:30:40,https://www.linkedin.com/feed/update/urn%3Ali%3AugcPost%3A7288311535230201857,Congrats Abigail! 🎉
2025-01-24 14:06:16,https://www.linkedin.com/feed/update/urn%3Ali%3AugcPost%3A7288359212944932865,Atong Akoi You’re welcome
2025-01-24 14:04:42,https://www.linkedin.com/feed/update/urn%3Ali%3AugcPost%3A7288472151668461569,Well done Bhupal Maruchetty
2025-01-24 14:02:44,https://www.linkedin.com/feed/update/urn%3Ali%3Aactivity%3A7288146379527327744,"Beautifully said! 
Wishing you continued growth, success, and fulfillment in the year ahead!"
2025-01-24 13:59:48,https://www.linkedin.com/feed/update/urn%3Ali%3Aactivity%3A7286664290655244288,"Welcome back, Chidera Amaraegbu  Happy New Year! 🎉 
Your energy and faith are so inspiring, and it’s clear you’re stepping into this year with purpose and passion. Looking forward to seeing all the amazing things you’ll accomplish in 2025! Let’s win together! 💪✨"
2025-01-24 13:57:58,https://www.linkedin.com/feed/update/urn%3Ali%3Aactivity%3A7288435366464782336,"This is such a powerful and inspiring message! 
Taking responsibility for your own learning, despite the imperfections in the academic system, is a lesson everyone needs to hear. The emphasis on ownership and resilience is spot on—because at the end of the day, it’s our effort and attitude that make the difference. 
Thanks for sharing this!"
2025-01-24 13:55:16,https://www.linkedin.com/feed/update/urn%3Ali%3Aactivity%3A7288540009131917312,"#AI is truly revolutionizing the way we approach software development and testing! It’s exciting to see how QualiZeal  is turning challenges into opportunities, leveraging cutting-edge technology to deliver faster, smarter, and higher-quality outcomes. Embracing #AI isn’t just about keeping up—it’s about staying ahead. 
Great insights!”"
2025-01-24 13:52:52,https://www.linkedin.com/feed/update/urn%3Ali%3AugcPost%3A7288478513727229952,Well done Bhupal Maruchetty
2025-01-24 13:52:29,https://www.linkedin.com/feed/update/urn%3Ali%3Aactivity%3A7284829816669818882,"I could feel every ounce of that frustration! The sheer determination to solve tech issues like this really defines what it means to work in the field. That ‘Change Data Type Using Locale’ discovery feels like such a hard-earned win—I’ll definitely keep that in mind for the future. And you’re so right, #persistence is key. Tech doesn’t just test our knowledge; it tests our patience too. 
Great job powering through"
2025-01-24 13:49:29,https://www.linkedin.com/feed/update/urn%3Ali%3Aactivity%3A7288533518731632641,"This is such an inspiring step, Anna Mensah  Your passion for health policy and your determination to grow professionally through consistency are truly commendable. I love how you’re approaching this challenge with purpose and a clear vision. Wishing you all the best on this journey—your voice will undoubtedly make an impact. Looking forward to seeing your insights and connecting further!"
2025-01-24 13:44:40,https://www.linkedin.com/feed/update/urn%3Ali%3AugcPost%3A7287373325171908608,Love it
2025-01-24 13:43:56,https://www.linkedin.com/feed/update/urn%3Ali%3Aactivity%3A7285484239528022016,Wow
2025-01-24 13:43:25,https://www.linkedin.com/feed/update/urn%3Ali%3AugcPost%3A7285253951325634560,Best of luck
2025-01-24 13:43:06,https://www.linkedin.com/feed/update/urn%3Ali%3AugcPost%3A7288359212944932865,"What an incredible journey you’ve had at EARTH University.
Your commitment to growth, networking, and making an impact is truly inspiring. From international conferences to leadership programs, it’s clear you’ve made the most of every opportunity. Thank you for sharing your experiences and for encouraging others to seek out similar opportunities, your story is a powerful reminder of what’s possible with hard work and support. 
Wishing you continued success in all your endeavors!"
2025-01-24 13:03:13,https://www.linkedin.com/feed/update/urn%3Ali%3AugcPost%3A7288297176839913472,Joyce Asante Thank you
2025-01-23 13:49:02,https://www.linkedin.com/feed/update/urn%3Ali%3AugcPost%3A7288167009370935299,Congrats NATHANIEL! 🎉
2025-01-22 18:11:32,https://www.linkedin.com/feed/update/urn%3Ali%3AugcPost%3A7286096087587713024,Great insights
2025-01-22 14:04:01,https://www.linkedin.com/feed/update/urn%3Ali%3Aactivity%3A7287023595917115394,Well done Joshua
2025-01-22 14:03:50,https://www.linkedin.com/feed/update/urn%3Ali%3Aactivity%3A7287726886279892992,Great advice
2025-01-22 14:01:24,https://www.linkedin.com/feed/update/urn%3Ali%3Aactivity%3A7286700268908331008,Nice viz
2025-01-22 12:54:28,https://www.linkedin.com/feed/update/urn%3Ali%3AugcPost%3A7287809173910675458,TA Nathaniel ✌️
2025-01-20 18:07:49,https://www.linkedin.com/feed/update/urn%3Ali%3AugcPost%3A7287151161789317120,Nice viz
2025-01-16 19:56:16,https://www.linkedin.com/feed/update/urn%3Ali%3AugcPost%3A7285668952653873152,Congrats Nana Agyemang! 🎉
2025-01-16 19:55:54,https://www.linkedin.com/feed/update/urn%3Ali%3AugcPost%3A7285732895342669824,Well done Isaac
2025-01-14 17:18:00,https://www.linkedin.com/feed/update/urn%3Ali%3Aactivity%3A7284965461136474113,Congrats Joshua!
2025-01-14 09:17:02,https://www.linkedin.com/feed/update/urn%3Ali%3Aactivity%3A7284827835389652993,"Happy Birthday! 🎉  Joshua Salami Peter 
Wishing you a year filled with endless possibilities, growth, and success as you continue to make an impact in the world of data science. Here’s to staying curious and driving positive change with innovative solutions. Enjoy your special day! 🎂🎈"
2025-01-07 14:54:16,https://www.linkedin.com/feed/update/urn%3Ali%3Aactivity%3A7282389978129514497,Well done Esther
2025-01-07 13:02:24,https://www.linkedin.com/feed/update/urn%3Ali%3AugcPost%3A7282332178741428224,Happy for you 😊
2025-01-06 06:39:58,https://www.linkedin.com/feed/update/urn%3Ali%3AugcPost%3A7281828143089291264,Congrats Sidra! 🎉
2025-01-04 10:31:56,https://www.linkedin.com/feed/update/urn%3Ali%3AugcPost%3A7280747464389726208,What an achievement!
2025-01-03 11:12:45,https://www.linkedin.com/feed/update/urn%3Ali%3Aactivity%3A7280743808525357056,Well done Samuel
2025-01-02 18:03:16,https://www.linkedin.com/feed/update/urn%3Ali%3Aactivity%3A7277416858528403456,Well done Nyarko
2025-01-02 13:59:58,https://www.linkedin.com/feed/update/urn%3Ali%3AugcPost%3A7280281717783838720,"I agree! Building an authentic brand that creates value and resonates with a community is far more meaningful than chasing vanity metrics. Consistency, progress, and genuine impact are the true drivers of long-term success. Thanks for sharing this inspiring perspective, here’s to thriving and making an impact in 2025! 🚀"
2025-01-02 13:58:21,https://www.linkedin.com/feed/update/urn%3Ali%3AugcPost%3A7278438916829892608,Congrats Nana Kwabena! 🎉
2025-01-02 13:56:08,https://www.linkedin.com/feed/update/urn%3Ali%3Aactivity%3A7275504000332947457,"Happy Birthday! 🎉 
Wishing you a year filled with growth, success, and plenty of laughter. Your reflections are so relatable, and your gratitude is inspiring. Here’s to more wins, less procrastination, and an amazing journey ahead. 
Cheers to you! 🥂"
2025-01-02 13:52:51,https://www.linkedin.com/feed/update/urn%3Ali%3AugcPost%3A7279877048389554177,Congratulations! 🎉
2025-01-02 13:49:28,https://www.linkedin.com/feed/update/urn%3Ali%3Aactivity%3A7278153806540869632,"Congratulations on this incredible achievement! 🎉 
Your hard work, perseverance, and gratitude truly shine through. Wishing you all the best as you take the next step in your engineering journey and make a meaningful impact. Cheers to your bright future! 🥂"
2025-01-02 13:46:50,https://www.linkedin.com/feed/update/urn%3Ali%3Aactivity%3A7280489247378202625,"Powerful truth! 🔥 The new year is only as transformative as the actions we take. A calendar change alone doesn’t lead to growth, it’s the mindset, habits, and consistent effort that make the difference."
2025-01-02 13:44:18,https://www.linkedin.com/feed/update/urn%3Ali%3AugcPost%3A7279941178454687744,"What an inspiring journey! 🎉 
Your growth and achievements in 2024 are a testament to your hard work, resilience, and dedication. From mastering new skills in the alx_africa  programs to landing your first Virtual Personal Assistant role and co-teaching Business Intelligence and Analytics—what a year of milestones! Wishing you even greater heights in 2025. 
Keep inspiring us!🎉"
2025-01-02 13:40:41,https://www.linkedin.com/feed/update/urn%3Ali%3AugcPost%3A7278954190922481664,"Congratulations, Dr. Ruby Etornam Adikah! 🎉 
Your achievement is truly inspiring and a testament to your hard work, dedication, and excellence. Graduating Summa Cum Laude and receiving the prestigious award for the overall best graduating Doctor of Optometry is no small feat.
Wishing you continued success as you embark on this new chapter of impacting lives with your expertise. The world is lucky to have you in eyecare!👏👏”"
2025-01-02 13:35:28,https://www.linkedin.com/feed/update/urn%3Ali%3AugcPost%3A7280520784752590848,Congrats Prince! 🎉
2025-01-02 13:35:16,https://www.linkedin.com/feed/update/urn%3Ali%3Aactivity%3A7280443443540119552,"An inspiring perspective on turning rejections into growth opportunities🙌 
Rejections truly teach resilience, and your journey highlights the importance of skills, feedback, and perseverance. Thanks for sharing this motivating."
2025-01-02 13:30:52,https://www.linkedin.com/feed/update/urn%3Ali%3Aactivity%3A7280490226626498560,"Such a powerful reminder to stay intentional and keep moving forward🚀 
Time waits for no one, and this is the push we all need to set goals and take action.
Congratulations Dr Valerie Okorie 💜 on 24.5k, your impact is inspiring!"
2025-01-02 13:29:12,https://www.linkedin.com/feed/update/urn%3Ali%3AugcPost%3A7277266771139575808,Very helpful
2025-01-02 13:28:10,https://www.linkedin.com/feed/update/urn%3Ali%3Aactivity%3A7279758340992196608,"Great breakdown of the two roles! 
Both are integral to driving business success, but I resonate more with the Data Analyst role—working with raw data and uncovering insights to fuel decision-making is incredibly rewarding.
Thanks for sharing this clear comparison"
2025-01-02 13:23:39,https://www.linkedin.com/feed/update/urn%3Ali%3Aactivity%3A7280508874812456960,"Such a powerful and timely message Uju Emmanuella ! 🔥 Reassessing, prioritizing, and embracing bold moves are game-changers for real growth. Here’s to making 2025 a year of intentional actions and solid strategies. Thanks for sharing this insightful post."
2024-12-25 06:24:17,https://www.linkedin.com/feed/update/urn%3Ali%3Aactivity%3A7277545166536675328,Yes
2024-12-21 13:13:00,https://www.linkedin.com/feed/update/urn%3Ali%3Aactivity%3A7276180067666268160,Well done Uju
2024-12-14 15:30:58,https://www.linkedin.com/feed/update/urn%3Ali%3AugcPost%3A7273492928788901888,Well done NATHANIEL
2024-12-13 11:35:32,https://www.linkedin.com/feed/update/urn%3Ali%3Aactivity%3A7273293058815766528,Congratulations 🎉
2024-12-13 11:31:42,https://www.linkedin.com/feed/update/urn%3Ali%3AugcPost%3A7273281288894038016,Uju Emmanuella Thank you
2024-12-13 10:26:34,https://www.linkedin.com/feed/update/urn%3Ali%3AugcPost%3A7273281288894038016,Joshua Salami Peter Thank you
2024-12-12 20:55:33,https://www.linkedin.com/feed/update/urn%3Ali%3Aactivity%3A7272966442369638401,Well done Priscilla Gyebuaa
2024-12-12 20:54:34,https://www.linkedin.com/feed/update/urn%3Ali%3Aactivity%3A7273046358566096897,Congrats Sheriff!🎉
2024-12-12 18:29:27,https://www.linkedin.com/feed/update/urn%3Ali%3AugcPost%3A7271829670034038785,Dodor Etornam Godwin Thank you
2024-12-11 13:56:00,https://www.linkedin.com/feed/update/urn%3Ali%3Aactivity%3A7272512997233688577,Can't wait
2024-12-10 07:52:44,https://www.linkedin.com/feed/update/urn%3Ali%3AugcPost%3A7271829670034038785,NATHANIEL FOLI Thank you.
2024-12-10 07:52:23,https://www.linkedin.com/feed/update/urn%3Ali%3AugcPost%3A7271829670034038785,Lois Ansaa Asiedu Thank you
2024-12-10 07:52:12,https://www.linkedin.com/feed/update/urn%3Ali%3AugcPost%3A7271829670034038785,Albert Afari Thank you
2024-12-10 07:52:02,https://www.linkedin.com/feed/update/urn%3Ali%3AugcPost%3A7271829670034038785,Emmanuel Osita Thank you
2024-12-10 07:51:47,https://www.linkedin.com/feed/update/urn%3Ali%3AugcPost%3A7271829670034038785,Deepprakash Pandey Thank you
2024-12-09 11:19:35,https://www.linkedin.com/feed/update/urn%3Ali%3AugcPost%3A7271829670034038785,Gabriel Ofori Boateng Thank you
2024-12-09 10:52:54,https://www.linkedin.com/feed/update/urn%3Ali%3AugcPost%3A7271829670034038785,isaac ipole Thank you
2024-12-09 10:52:46,https://www.linkedin.com/feed/update/urn%3Ali%3AugcPost%3A7271829670034038785,Joshua Salami Peter Thank you
2024-12-09 08:50:03,https://www.linkedin.com/feed/update/urn%3Ali%3Aactivity%3A7271805980185681920,Love it
2024-12-08 21:14:53,https://www.linkedin.com/feed/update/urn%3Ali%3AugcPost%3A7271626025992671232,Nice viz
2024-12-07 19:33:23,https://www.linkedin.com/feed/update/urn%3Ali%3AarticleSegment%3A%28urn%3Ali%3AlinkedInArticle%3A7258912031041327106%2C7258912205138509825%29,"Skill gaps require agility and proactive strategies. Prioritizing tasks, leveraging strengths, quick upskilling, external support, and automation help maintain progress. Clear communication and transparency with stakeholders ensure deadlines are met. Adaptability is key."
2024-12-07 07:59:20,https://www.linkedin.com/feed/update/urn%3Ali%3AugcPost%3A7270784567014273025,Nice viz
2024-12-05 21:17:16,https://www.linkedin.com/feed/update/urn%3Ali%3Aactivity%3A7270469957417627648,Congrats Frederick!
2024-12-03 18:32:43,https://www.linkedin.com/feed/update/urn%3Ali%3Aactivity%3A7269680782737121281,Well done Benjamin
2024-12-03 12:49:53,https://www.linkedin.com/feed/update/urn%3Ali%3Aactivity%3A7269621399529418752,ALX🔥🔥🔥
2024-12-03 12:40:49,https://www.linkedin.com/feed/update/urn%3Ali%3Aactivity%3A7269242469802774528,Well done Helena
2024-12-03 12:40:19,https://www.linkedin.com/feed/update/urn%3Ali%3AugcPost%3A7269302773932859392,Congrats Gabriel! 🎉
2024-12-01 21:51:36,https://www.linkedin.com/feed/update/urn%3Ali%3AugcPost%3A7269101285839147009,Well done SAMUEL
2024-11-30 06:54:51,https://www.linkedin.com/feed/update/urn%3Ali%3AarticleSegment%3A%28urn%3Ali%3AlinkedInArticle%3A7268329854310199296%2C7268329857363636224%29,"When explaining cybersecurity to non-tech stakeholders, I focus on using clear, relatable language and real-world examples. I avoid technical jargon and instead compare cybersecurity concepts to familiar scenarios, like locking doors to protect a home. Highlighting the impact of cybersecurity on their business goals, such as protecting customer trust or avoiding financial losses, makes the topic more relevant."
2024-11-30 06:52:01,https://www.linkedin.com/feed/update/urn%3Ali%3AarticleSegment%3A%28urn%3Ali%3AlinkedInArticle%3A7268328775908499456%2C7268328789212819456%29,"When collaborating with external partners on analytics, I prioritize data privacy by implementing strict protocols. First, I ensure that data sharing complies with legal and regulatory requirements, such as GDPR or CCPA. I use data anonymization techniques to protect sensitive information and limit access to only what is necessary for the project. Additionally, I establish clear data-sharing agreements that outline usage boundaries and security measures. 
Regular audits and encryption further safeguard the data throughout the collaboration."
2024-11-30 06:49:48,https://www.linkedin.com/feed/update/urn%3Ali%3AarticleSegment%3A%28urn%3Ali%3AlinkedInArticle%3A7267971820991971329%2C7267971822426423296%29,"To ensure analytics data is accurate and relevant for stakeholders, I start by thoroughly validating the data sources to confirm reliability and correctness. I then tailor the analysis to focus on metrics and insights that align with the stakeholders’ goals and priorities, ensuring the information directly supports their decision-making. Then, I present the data in a clear and engaging way, using visuals like charts and graphs to simplify complex information and make it actionable."
2024-11-30 06:47:10,https://www.linkedin.com/feed/update/urn%3Ali%3AarticleSegment%3A%28urn%3Ali%3AlinkedInArticle%3A7268329664241156096%2C7268329665893711873%29,"To maintain my personal brand, I stay informed about industry trends, adapt without compromising my values, and communicate transparently with my audience to ensure authenticity and trust."
2024-11-30 06:44:25,https://www.linkedin.com/feed/update/urn%3Ali%3AarticleSegment%3A%28urn%3Ali%3AlinkedInArticle%3A7258909525758427136%2C7258909530414100481%29,"In a competitive market, I focus on standing out by:
-Highlighting my strengths: I combine my expertise in agricultural engineering and data analytics to offer unique, tailored solutions.
-Building relationships: I take the time to understand my clients’ needs and deliver personalized experiences that foster trust and loyalty.
-Crafting a strong presence: I showcase my work through an online portfolio and ensure my branding reflects the value I bring.
-Staying innovative: I keep up with the latest tools and technologies to deliver solutions that truly make a difference."
2024-11-29 14:17:21,https://www.linkedin.com/feed/update/urn%3Ali%3AugcPost%3A7268253599695065088,Congrats Adiela! 🎉
2024-11-28 17:32:30,https://www.linkedin.com/feed/update/urn%3Ali%3AugcPost%3A7265667443090501632,Thank you Emmanuella
2024-11-28 14:17:27,https://www.linkedin.com/feed/update/urn%3Ali%3Aactivity%3A7267893730450247680,Congrats AKUA SEKYIWAA!
2024-11-28 06:54:12,https://www.linkedin.com/feed/update/urn%3Ali%3AugcPost%3A7265667443090501632,Thank you David
2024-11-27 19:55:34,https://www.linkedin.com/feed/update/urn%3Ali%3Aactivity%3A7267590164779053057,Congrats
2024-11-27 19:55:21,https://www.linkedin.com/feed/update/urn%3Ali%3AugcPost%3A7267159588804685825,Congrats🎉
2024-11-26 20:34:01,https://www.linkedin.com/feed/update/urn%3Ali%3Aactivity%3A7263124152595668993,Sompa Mensah Thank you
2024-11-26 16:19:44,https://www.linkedin.com/feed/update/urn%3Ali%3Aactivity%3A7263124152595668993,No please
2024-11-26 16:18:38,https://www.linkedin.com/feed/update/urn%3Ali%3AugcPost%3A7267080731531661312,Thank you Emmanuella
2024-11-26 16:00:49,https://www.linkedin.com/feed/update/urn%3Ali%3AugcPost%3A7267080731531661312,Gabriel Ofori Boateng Thank you
2024-11-26 09:54:34,https://www.linkedin.com/feed/update/urn%3Ali%3AugcPost%3A7266751482354450432,Well done Barfour
2024-11-26 09:44:48,https://www.linkedin.com/feed/update/urn%3Ali%3AugcPost%3A7267080731531661312,Thank you
2024-11-26 09:31:07,https://www.linkedin.com/feed/update/urn%3Ali%3AugcPost%3A7267080731531661312,Thank you
2024-11-26 09:30:43,https://www.linkedin.com/feed/update/urn%3Ali%3AugcPost%3A7267080731531661312,Thank you
2024-11-26 09:30:36,https://www.linkedin.com/feed/update/urn%3Ali%3AugcPost%3A7267080731531661312,Thank you
2024-11-25 18:00:19,https://www.linkedin.com/feed/update/urn%3Ali%3Aactivity%3A7263124152595668993,Thank you
2024-11-25 18:00:12,https://www.linkedin.com/feed/update/urn%3Ali%3Aactivity%3A7263124152595668993,Thank you boss
2024-11-25 18:00:04,https://www.linkedin.com/feed/update/urn%3Ali%3Aactivity%3A7263124152595668993,Thank you
2024-11-25 15:01:35,https://www.linkedin.com/feed/update/urn%3Ali%3AugcPost%3A7266824913552879616,Congrats NATHANIEL!
2024-11-25 10:50:36,https://www.linkedin.com/feed/update/urn%3Ali%3AugcPost%3A7266742454266048513,Congrats Uju!🎉
2024-11-23 16:24:39,https://www.linkedin.com/feed/update/urn%3Ali%3AarticleSegment%3A%28urn%3Ali%3AlinkedInArticle%3A7253464383987560448%2C7253464386231508992%29,"To tackle performance issues in scaling data processing operations:
Data Partitioning: Split data into smaller chunks for efficient parallel processing.
Caching: Cache frequently accessed data to reduce recomputation time."
2024-11-22 23:00:32,https://www.linkedin.com/feed/update/urn%3Ali%3Aactivity%3A7265793667104157696,Well done
2024-11-22 18:45:29,https://www.linkedin.com/feed/update/urn%3Ali%3AugcPost%3A7265656590769213440,Nice work @ Susana Darkwa
2024-11-22 18:38:06,https://www.linkedin.com/feed/update/urn%3Ali%3Aactivity%3A7265770623744753664,Well done Hayford
2024-11-22 18:37:01,https://www.linkedin.com/feed/update/urn%3Ali%3AugcPost%3A7265672353827704834,Nice work 👍
2024-11-22 14:33:43,https://www.linkedin.com/feed/update/urn%3Ali%3AugcPost%3A7265667443090501632,Thank you
2024-11-22 14:33:35,https://www.linkedin.com/feed/update/urn%3Ali%3AugcPost%3A7265667443090501632,Thank you
2024-11-22 14:33:18,https://www.linkedin.com/feed/update/urn%3Ali%3AugcPost%3A7265630635485020162,Congratulations 🎉
2024-11-22 07:49:42,https://www.linkedin.com/feed/update/urn%3Ali%3AugcPost%3A7265437843802501121,Well done Jessica
2024-11-21 17:36:39,https://www.linkedin.com/feed/update/urn%3Ali%3AugcPost%3A7265258394708566016,Thank you
2024-11-21 09:45:03,https://www.linkedin.com/feed/update/urn%3Ali%3AugcPost%3A7265258394708566016,Thanks bro
2024-11-21 09:44:55,https://www.linkedin.com/feed/update/urn%3Ali%3AugcPost%3A7265258394708566016,Thank you
2024-11-21 07:47:07,https://www.linkedin.com/feed/update/urn%3Ali%3AugcPost%3A7265258394708566016,Thank you Benjamin
2024-11-21 07:46:54,https://www.linkedin.com/feed/update/urn%3Ali%3AugcPost%3A7265258394708566016,Thank you Joshua Salami Peter
2024-11-20 18:13:41,https://www.linkedin.com/feed/update/urn%3Ali%3Aactivity%3A7265049179737964546,Data analytics truly is a journey of continuous learning. Focusing on one tool at a time and embracing microlearning are such practical tips. Thanks for the encouragement to enjoy the process Joycelyn Otchere .
2024-11-20 16:16:57,https://www.linkedin.com/feed/update/urn%3Ali%3Aactivity%3A7265033308487524352,"Great breakdown
Mastering the fundamentals like SELECT, WHERE, and JOINs is key to building a strong SQL foundation.
Thanks for sharing this roadmap Elijah Butler 📊"
2024-11-18 22:28:44,https://www.linkedin.com/feed/update/urn%3Ali%3Aactivity%3A7264274361967112192,Congrats Godfred Nana Yaw!
2024-11-18 19:20:26,https://www.linkedin.com/feed/update/urn%3Ali%3Aactivity%3A7264200863437484033,Well done Theophilus
2024-11-18 16:36:07,https://www.linkedin.com/feed/update/urn%3Ali%3AugcPost%3A7264278581642461184,Great opportunity
2024-11-18 11:17:52,https://www.linkedin.com/feed/update/urn%3Ali%3Aactivity%3A7264205921352908802,Love this
2024-11-18 10:57:15,https://www.linkedin.com/feed/update/urn%3Ali%3Aactivity%3A7263124152595668993,Thank you for this opportunity ALX GHANA
2024-11-18 08:08:47,https://www.linkedin.com/feed/update/urn%3Ali%3AugcPost%3A7264004835912343552,What an incredible event and a great milestone for Ghanaian golf!
2024-11-18 08:05:35,https://www.linkedin.com/feed/update/urn%3Ali%3AugcPost%3A7264153464446873600,"Impressive visualization!"
2024-11-18 07:23:35,https://www.linkedin.com/feed/update/urn%3Ali%3Aactivity%3A7264170880564400128,"Starting the week with intention is so powerful! 
My advice: Break down your big goals into smaller, manageable steps, and celebrate each little win"
2024-11-17 15:16:11,https://www.linkedin.com/feed/update/urn%3Ali%3Aactivity%3A7263649664590098432,Wishing you the best
2024-11-17 15:13:03,https://www.linkedin.com/feed/update/urn%3Ali%3AugcPost%3A7263859559071432704,Well done Kelvin
2024-11-17 15:12:42,https://www.linkedin.com/feed/update/urn%3Ali%3AugcPost%3A7263621008182398976,Wishing you the best
2024-11-17 15:08:46,https://www.linkedin.com/feed/update/urn%3Ali%3AugcPost%3A7263884589033570305,Nice work
2024-11-17 11:36:11,https://www.linkedin.com/feed/update/urn%3Ali%3Aactivity%3A7263124152595668993,Thank you Elia Somuah
2024-11-17 08:46:52,https://www.linkedin.com/feed/update/urn%3Ali%3Aactivity%3A7263124152595668993,Thank you
2024-11-16 17:50:20,https://www.linkedin.com/feed/update/urn%3Ali%3AugcPost%3A7263581585885573120,Love this
2024-11-16 17:50:05,https://www.linkedin.com/feed/update/urn%3Ali%3Aactivity%3A7261289755483475969,It’s amazing how a well-organized event can transform our perspective on a subject.
2024-11-16 17:46:30,https://www.linkedin.com/feed/update/urn%3Ali%3Aactivity%3A7263596821225103360,Worth attending
2024-11-16 17:46:01,https://www.linkedin.com/feed/update/urn%3Ali%3AugcPost%3A7263509553470738432,"Using aliases consistently across queries is a good habit; it makes your SQL code easier to read and helps avoid confusion with syntax variations.
Practice writing queries without relying on autocomplete or shortcuts—it helps you learn the differences and become more adaptable across SQL flavors!”"
2024-11-16 17:42:55,https://www.linkedin.com/feed/update/urn%3Ali%3AugcPost%3A7260609091440414720,Insightful
2024-11-16 17:42:46,https://www.linkedin.com/feed/update/urn%3Ali%3AugcPost%3A7263540260968550400,"When I want to visualize trends across categories or make quick comparisons, bar charts are my go-to! I find them especially useful for displaying survey responses, regional sales performance, or department-wise budget allocations. They’re great for instantly highlighting differences and helping viewers identify patterns at a glance. 
Plus, stacked bar charts make it easy to show sub-category breakdowns within each bar—perfect for adding another layer of insight!"
2024-11-16 17:40:41,https://www.linkedin.com/feed/update/urn%3Ali%3Aactivity%3A7263482407738101760,"Congratulations to PRESEC for this incredible achievement! Your dedication and knowledge in the field of investment are truly inspiring, and you’ve set a great example for aspiring young investors."
2024-11-16 17:38:40,https://www.linkedin.com/feed/update/urn%3Ali%3Aactivity%3A7263460813229711360,"“Absolutely love this mindset! Prioritizing your goals and recognizing the value in every challenge is truly inspiring. Being a grad student is a demanding journey, but your commitment to growth and sharing insights along the way makes a real difference”.  You’re also loved  Nadia Bekoe"
2024-11-16 17:33:56,https://www.linkedin.com/feed/update/urn%3Ali%3AugcPost%3A7262135085544423425,Very helpful
2024-11-16 17:32:45,https://www.linkedin.com/feed/update/urn%3Ali%3Aactivity%3A7263526610580983808,Insightful
2024-11-16 17:31:21,https://www.linkedin.com/feed/update/urn%3Ali%3Aactivity%3A7263124152595668993,Thank you boss
2024-11-16 07:02:49,https://www.linkedin.com/feed/update/urn%3Ali%3Aactivity%3A7262413009317236737,Thanks for sharing
2024-11-16 07:00:15,https://www.linkedin.com/feed/update/urn%3Ali%3AugcPost%3A7263298783159984128,Love this
2024-11-16 06:54:24,https://www.linkedin.com/feed/update/urn%3Ali%3Aactivity%3A7262773803489906688,Very helpful
2024-11-16 06:49:28,https://www.linkedin.com/feed/update/urn%3Ali%3Aactivity%3A7263361032121634816,Congrats Priscilla!
2024-11-15 23:09:55,https://www.linkedin.com/feed/update/urn%3Ali%3Aactivity%3A7263079546420097024,Excellent work Mabel
2024-11-15 23:08:19,https://www.linkedin.com/feed/update/urn%3Ali%3AugcPost%3A7263210653409026048,Nice work
2024-11-15 23:07:19,https://www.linkedin.com/feed/update/urn%3Ali%3AugcPost%3A7263264293666586626,Congrats Francis! 🎉
2024-11-15 23:06:45,https://www.linkedin.com/feed/update/urn%3Ali%3AugcPost%3A7263249302427168768,Nice work
2024-11-15 23:04:45,https://www.linkedin.com/feed/update/urn%3Ali%3AugcPost%3A7263177569787662338,Insightful
2024-11-15 23:03:34,https://www.linkedin.com/feed/update/urn%3Ali%3AugcPost%3A7263316798471565312,Congrats Mildred! 🎉
2024-11-15 23:03:22,https://www.linkedin.com/feed/update/urn%3Ali%3Aactivity%3A7263176966206324736,Keep it up
2024-11-15 23:02:06,https://www.linkedin.com/feed/update/urn%3Ali%3Aactivity%3A7263190947369209856,Looks great
2024-11-15 20:09:41,https://www.linkedin.com/feed/update/urn%3Ali%3Aactivity%3A7263124152595668993,"Ing. Atinyo 
Thank you"
2024-11-15 11:20:46,https://www.linkedin.com/feed/update/urn%3Ali%3Aactivity%3A7263124152595668993,Thank you David
2024-11-15 10:26:11,https://www.linkedin.com/feed/update/urn%3Ali%3Aactivity%3A7263124152595668993,Thank you Madam
2024-11-15 10:00:41,https://www.linkedin.com/feed/update/urn%3Ali%3Aactivity%3A7263124152595668993,Kwame Asante Absolutely! Growth happens outside the comfort zone. Ready to take on the challenge and do hard things! 💪🔥 Thanks for the encouragement!
2024-11-14 17:59:28,https://www.linkedin.com/feed/update/urn%3Ali%3Aactivity%3A7262886681442213888,Love this Elijah Butler 📊
2024-11-14 14:45:46,https://www.linkedin.com/feed/update/urn%3Ali%3AugcPost%3A7262787222947385345,Interesting
2024-11-14 14:36:27,https://www.linkedin.com/feed/update/urn%3Ali%3AugcPost%3A7262532144730628097,Nice visualization 📊
2024-11-14 14:34:06,https://www.linkedin.com/feed/update/urn%3Ali%3Aactivity%3A7262799723441373184,Useful tips
2024-11-13 15:14:25,https://www.linkedin.com/feed/update/urn%3Ali%3Aactivity%3A7259208493247664128,Thank you for sharing this information
2024-11-13 15:12:11,https://www.linkedin.com/feed/update/urn%3Ali%3AugcPost%3A7262396142561243136,"What an achievement! Kevin Osae Quansah, PharmD"
2024-11-13 14:58:20,https://www.linkedin.com/feed/update/urn%3Ali%3AugcPost%3A7262467136080547841,Congrats Michael! 🎉
2024-11-13 08:20:50,https://www.linkedin.com/feed/update/urn%3Ali%3Aactivity%3A7262356475400900611,Great insights
2024-11-11 11:16:05,https://www.linkedin.com/feed/update/urn%3Ali%3AugcPost%3A7261497502967754753,Great insights
2024-11-11 08:51:47,https://www.linkedin.com/feed/update/urn%3Ali%3AugcPost%3A7261639604338937856,Thank you 🥂
2024-11-09 21:59:55,https://www.linkedin.com/feed/update/urn%3Ali%3Aactivity%3A7261107084736217090,Congrats Dawuud!
2024-11-08 22:48:35,https://www.linkedin.com/feed/update/urn%3Ali%3AugcPost%3A7260754774877171712,Great insight MARTIN FRANCOIS EYANGO
2024-11-08 18:48:30,https://www.linkedin.com/feed/update/urn%3Ali%3AugcPost%3A7260693749284900864,Thank you Ing Emmnuel Atinyo
2024-11-05 08:21:31,https://www.linkedin.com/feed/update/urn%3Ali%3AugcPost%3A7259251457621716992,Nice work Gabriel Ofori Boateng
2024-11-04 08:05:39,https://www.linkedin.com/feed/update/urn%3Ali%3AugcPost%3A7257879379353989120,Congratulations on the new role at CHAKU FOODS! Wishing you an exciting journey ahead as you make an impact as a Data Analyst. 🎉👏
2024-11-04 08:04:03,https://www.linkedin.com/feed/update/urn%3Ali%3Aactivity%3A7259089526038388736,Choosing clarity over assumptions truly brings us closer to understanding and connecting with others Nadia Bekoe
2024-11-04 08:02:13,https://www.linkedin.com/feed/update/urn%3Ali%3Aactivity%3A7259104629076987905,"Great mindset to start the week! Jessica Dako
Here's to making each day count and tackling our goals with purpose and positivity. Let's make it a productive one!"
2024-10-27 19:22:12,https://www.linkedin.com/feed/update/urn%3Ali%3AugcPost%3A7256354109799153664,Congrats Mbafor! 🎉
2024-10-25 08:02:20,https://www.linkedin.com/feed/update/urn%3Ali%3Aactivity%3A7255477870477684738,"Brilliant story!  
Such a fun, memorable way to highlight the importance of data caution in SQL. Blossom Village’s ‘DROP TABLE’ legend is a lesson all data analysts can keep in mind. Thanks for sharing this, Samuel Osei Boadu"
2024-10-23 17:32:58,https://www.linkedin.com/feed/update/urn%3Ali%3AugcPost%3A7254803656535908352,Nice work NATHANIEL FOLI
2024-10-22 18:26:50,https://www.linkedin.com/feed/update/urn%3Ali%3AugcPost%3A7253516563381673984,Congrats Rhoda! 🎉
2024-10-22 17:54:02,https://www.linkedin.com/feed/update/urn%3Ali%3AugcPost%3A7254053357638545409,"Alright 
Thank you Richard Gidi for your suggestions"
2024-10-22 13:56:59,https://www.linkedin.com/feed/update/urn%3Ali%3AugcPost%3A7254053357638545409,Thank you Gabriel Ofori Boateng
2024-10-22 07:39:16,https://www.linkedin.com/feed/update/urn%3Ali%3AugcPost%3A7254053357638545409,Thank you bro
2024-10-21 09:45:42,https://www.linkedin.com/feed/update/urn%3Ali%3AugcPost%3A7254053357638545409,Thank you Uju Emmanuella
2024-10-21 09:08:01,https://www.linkedin.com/feed/update/urn%3Ali%3AugcPost%3A7254053357638545409,Thank you
2024-10-20 19:43:22,https://www.linkedin.com/feed/update/urn%3Ali%3Aactivity%3A7253806075424989185,Well done Franklin
2024-10-17 15:29:52,https://www.linkedin.com/feed/update/urn%3Ali%3AugcPost%3A7252701585519079425,Nice work Isaac Jim Awuah
2024-10-16 08:25:41,https://www.linkedin.com/feed/update/urn%3Ali%3Aactivity%3A7250430706227511298,Valid point
2024-10-12 10:05:05,https://www.linkedin.com/feed/update/urn%3Ali%3Aactivity%3A7250804977722417152,Congrats Cyril!
2024-10-11 14:55:55,https://www.linkedin.com/feed/update/urn%3Ali%3Aactivity%3A7250493244269101056,I agree
2024-10-10 12:03:46,https://www.linkedin.com/feed/update/urn%3Ali%3Aactivity%3A7250097366727299072,E-commerce sales dashboard excites me the most👍
2024-10-10 10:51:22,https://www.linkedin.com/feed/update/urn%3Ali%3Aactivity%3A7249715098565419010,Best of luck
2024-10-09 12:07:23,https://www.linkedin.com/feed/update/urn%3Ali%3AugcPost%3A7249695518946115584,Happy for you 😊
2024-10-08 23:16:11,https://www.linkedin.com/feed/update/urn%3Ali%3AugcPost%3A7249375611813523456,Boss. Thank you
2024-10-08 23:15:42,https://www.linkedin.com/feed/update/urn%3Ali%3AugcPost%3A7249375611813523456,Thank you NATHANIEL FOLI
2024-10-08 21:56:28,https://www.linkedin.com/feed/update/urn%3Ali%3AugcPost%3A7249513611293773824,Congrats! 🎉
2024-10-08 10:17:19,https://www.linkedin.com/feed/update/urn%3Ali%3AugcPost%3A7249162438435123202,Amazing
2024-10-07 16:53:30,https://www.linkedin.com/feed/update/urn%3Ali%3AugcPost%3A7249084447751335936,Great work Isaac Jim Awuah
2024-10-05 14:45:58,https://www.linkedin.com/feed/update/urn%3Ali%3AugcPost%3A7247954158018838528,Wow 13 Months Congrats Mohamed!🎉
2024-10-05 14:16:20,https://www.linkedin.com/feed/update/urn%3Ali%3Aactivity%3A7248199739869974528,Thanks for sharing this useful information
2024-10-05 06:38:54,https://www.linkedin.com/feed/update/urn%3Ali%3AugcPost%3A7248094612387430400,Happy Birthday to an incredible friend! Uju Emmanuella 🥳🎉
2024-10-04 15:03:42,https://www.linkedin.com/feed/update/urn%3Ali%3Aactivity%3A7244630167472492544,#freethecitizens
2024-10-03 22:55:05,https://www.linkedin.com/feed/update/urn%3Ali%3AugcPost%3A7247675446547431424,Congrats Ankomah! 🎉
2024-10-02 20:02:09,https://www.linkedin.com/feed/update/urn%3Ali%3Aactivity%3A7244476829904871424,Congratulations Mr. Asante
2024-10-01 15:37:56,https://www.linkedin.com/feed/update/urn%3Ali%3AugcPost%3A7246677811392835584,Thank you for sharing David Somenu
2024-10-01 06:56:00,https://www.linkedin.com/feed/update/urn%3Ali%3Aactivity%3A7246668743232151554,Great 👍
2024-09-30 14:21:57,https://www.linkedin.com/feed/update/urn%3Ali%3AugcPost%3A7246507554556583937,Congrats Nidal
2024-09-30 14:20:38,https://www.linkedin.com/feed/update/urn%3Ali%3Aactivity%3A7246511497969885184,Congrats 🎉 consistency beats intensity Uju Emmanuella
2024-09-26 23:58:24,https://www.linkedin.com/feed/update/urn%3Ali%3AugcPost%3A7245198945327435776,Congrats Elma!
2024-09-26 21:33:45,https://www.linkedin.com/feed/update/urn%3Ali%3Aactivity%3A7245132403743064066,Love this
2024-09-26 21:31:03,https://www.linkedin.com/feed/update/urn%3Ali%3AugcPost%3A7245171042816585728,Well done Marshal Ndhlovu
2024-09-26 20:21:50,https://www.linkedin.com/feed/update/urn%3Ali%3AugcPost%3A7245142817012891650,Well done Joseph
2024-09-26 15:28:04,https://www.linkedin.com/feed/update/urn%3Ali%3Aactivity%3A7245067088539570178,Very informative Uju Emmanuella
2024-09-26 08:51:01,https://www.linkedin.com/feed/update/urn%3Ali%3AugcPost%3A7244627076048125952,Thank you snr.
2024-09-26 08:50:12,https://www.linkedin.com/feed/update/urn%3Ali%3Aactivity%3A7244709772166414336,Very informative
2024-09-23 09:36:05,https://www.linkedin.com/feed/update/urn%3Ali%3AugcPost%3A7243895309746024450,Thank you UniAthena for this opportunity
2024-09-23 09:35:30,https://www.linkedin.com/feed/update/urn%3Ali%3AugcPost%3A7243895309746024450,Thank you Nadia Bekoe
2024-09-22 21:20:48,https://www.linkedin.com/feed/update/urn%3Ali%3AugcPost%3A7243730390530572288,Congratulations
2024-09-21 19:13:44,https://www.linkedin.com/feed/update/urn%3Ali%3AugcPost%3A7243296444277755904,Congrats ENOCH!
2024-09-21 17:01:20,https://www.linkedin.com/feed/update/urn%3Ali%3Aactivity%3A7243277788965720064,Great advice
2024-09-21 12:14:52,https://www.linkedin.com/feed/update/urn%3Ali%3Aactivity%3A7243020493966979072,Congrats Mariam!
2024-09-21 05:18:28,https://www.linkedin.com/feed/update/urn%3Ali%3Aactivity%3A7239004424612851712,Felix Gyasi Thank you
2024-09-20 17:52:51,https://www.linkedin.com/feed/update/urn%3Ali%3Aactivity%3A7242938891765260289,Congrats Samuel!
2024-09-19 19:23:39,https://www.linkedin.com/feed/update/urn%3Ali%3Aactivity%3A7242605564860522497,Congrats Christine!
2024-09-19 18:12:42,https://www.linkedin.com/feed/update/urn%3Ali%3Aactivity%3A7242572881832853504,Congrats Jeffery!
2024-09-19 05:25:09,https://www.linkedin.com/feed/update/urn%3Ali%3Aactivity%3A7242266169460629504,Congrats
2024-09-18 14:19:02,https://www.linkedin.com/feed/update/urn%3Ali%3Aactivity%3A7239190585574662145,Well done Sandra
2024-09-18 14:11:00,https://www.linkedin.com/feed/update/urn%3Ali%3Aactivity%3A7241975497482551296,Congrats Jessica. We did great things
2024-09-18 14:05:59,https://www.linkedin.com/feed/update/urn%3Ali%3Aactivity%3A7242061976577708033,I agree
2024-09-18 14:03:02,https://www.linkedin.com/feed/update/urn%3Ali%3Aactivity%3A7242111569596194816,Congrats Yvette!
2024-09-18 13:08:04,https://www.linkedin.com/feed/update/urn%3Ali%3Aactivity%3A7239004424612851712,Thank you
2024-09-18 06:29:42,https://www.linkedin.com/feed/update/urn%3Ali%3Aactivity%3A7241880603715907586,Thank you🎉
2024-09-18 06:29:02,https://www.linkedin.com/feed/update/urn%3Ali%3AugcPost%3A7241885742015086593,Thank you for this opportunity
2024-09-17 23:14:25,https://www.linkedin.com/feed/update/urn%3Ali%3Aactivity%3A7241903339477549057,We did hard things together🎉
2024-09-17 23:14:08,https://www.linkedin.com/feed/update/urn%3Ali%3Aactivity%3A7241903339477549057,Well done Elia
2024-09-17 23:13:12,https://www.linkedin.com/feed/update/urn%3Ali%3AugcPost%3A7241945557194129408,Isaac🎉 keep it up🔥
2024-09-17 23:08:40,https://www.linkedin.com/feed/update/urn%3Ali%3Aactivity%3A7241880603715907586,Thank you
2024-09-17 23:08:32,https://www.linkedin.com/feed/update/urn%3Ali%3Aactivity%3A7241880603715907586,Emmanuel Obeng Thank you
2024-09-17 23:08:18,https://www.linkedin.com/feed/update/urn%3Ali%3Aactivity%3A7241942629972598784,Congrats Bukari!
2024-09-17 19:26:29,https://www.linkedin.com/feed/update/urn%3Ali%3Aactivity%3A7241880603715907586,Elia Somuah Thanks
2024-09-17 19:04:34,https://www.linkedin.com/feed/update/urn%3Ali%3Aactivity%3A7241880603715907586,"Isaac Jim Awuah Thank you Boss"
2024-09-17 18:57:45,https://www.linkedin.com/feed/update/urn%3Ali%3Aactivity%3A7241880603715907586,Dominic Logosu Thank you
2024-09-17 14:24:33,https://www.linkedin.com/feed/update/urn%3Ali%3Aactivity%3A7241747340884123649,Great advice
2024-09-17 06:37:42,https://www.linkedin.com/feed/update/urn%3Ali%3Aactivity%3A7241120444437688320,Keep growing
2024-09-16 15:50:20,https://www.linkedin.com/feed/update/urn%3Ali%3Aactivity%3A7241446024827797506,Very helpful
2024-09-15 15:35:51,https://www.linkedin.com/feed/update/urn%3Ali%3AugcPost%3A7241074281235820544,Great work Ella Otuo Acheampong
2024-09-13 15:04:15,https://www.linkedin.com/feed/update/urn%3Ali%3Aactivity%3A7240342466913054722,Congrats Jemimah!
2024-09-13 13:45:32,https://www.linkedin.com/feed/update/urn%3Ali%3AugcPost%3A7240352254455693312,Congrats Rebecca
2024-09-12 21:13:59,https://www.linkedin.com/feed/update/urn%3Ali%3AugcPost%3A7240101022273081344,Congrats Victor
2024-09-12 09:11:31,https://www.linkedin.com/feed/update/urn%3Ali%3Aactivity%3A7239004424612851712,Thank you Bernice
2024-09-11 18:04:05,https://www.linkedin.com/feed/update/urn%3Ali%3Aactivity%3A7239619749813391361,Congrats Elton!
2024-09-11 17:30:20,https://www.linkedin.com/feed/update/urn%3Ali%3AugcPost%3A7239685419280310272,Congrats Jessica Bemponmaa!
2024-09-11 17:29:54,https://www.linkedin.com/feed/update/urn%3Ali%3Aactivity%3A7239686508780142593,Congrats Griffiths!
2024-09-11 16:59:55,https://www.linkedin.com/feed/update/urn%3Ali%3AugcPost%3A7236460051727544320,Hello 👋
2024-09-11 07:10:24,https://www.linkedin.com/feed/update/urn%3Ali%3Aactivity%3A7239528119919931392,Thank you for sharing this heartfelt and inspiring story Jessica Dako
2024-09-11 06:32:56,https://www.linkedin.com/feed/update/urn%3Ali%3AugcPost%3A7238847582909702144,Well done Vikram
2024-09-11 06:26:46,https://www.linkedin.com/feed/update/urn%3Ali%3Aactivity%3A7239513284058468352,Inspiring
2024-09-10 22:41:57,https://www.linkedin.com/feed/update/urn%3Ali%3Aactivity%3A7239398639356235778,Interesting Bellamy Delgado
2024-09-10 21:40:02,https://www.linkedin.com/feed/update/urn%3Ali%3Aactivity%3A7239386536289419264,"Congrats Edith Ernestina Eyram!🎉
Let’s do this💪🔥"
2024-09-10 19:40:51,https://www.linkedin.com/feed/update/urn%3Ali%3AugcPost%3A7239356017581465600,Nice work Isaac Jim Awuah
2024-09-10 19:19:54,https://www.linkedin.com/feed/update/urn%3Ali%3AugcPost%3A7238929433384955904,Thank you boss
2024-09-10 14:08:34,https://www.linkedin.com/feed/update/urn%3Ali%3AugcPost%3A7239271451084664832,Congrats Samuel
2024-09-10 12:46:32,https://www.linkedin.com/feed/update/urn%3Ali%3AugcPost%3A7239244241418244097,Congrats Adeli
2024-09-10 10:47:49,https://www.linkedin.com/feed/update/urn%3Ali%3Aactivity%3A7239004424612851712,Thank you
2024-09-10 09:47:55,https://www.linkedin.com/feed/update/urn%3Ali%3AugcPost%3A7239200528281272320,Congrats Nichole
2024-09-10 08:42:15,https://www.linkedin.com/feed/update/urn%3Ali%3Aactivity%3A7238847133804564481,Well done Isaac
2024-09-10 08:30:57,https://www.linkedin.com/feed/update/urn%3Ali%3Aactivity%3A7239004424612851712,"Victoria Oladoku Thank you"
2024-09-10 08:22:08,https://www.linkedin.com/feed/update/urn%3Ali%3AugcPost%3A7238929433384955904,Thank you Boss
2024-09-10 07:23:30,https://www.linkedin.com/feed/update/urn%3Ali%3Aactivity%3A7239004424612851712,Alex Kwao Ablerdu Thanks!
2024-09-10 07:23:16,https://www.linkedin.com/feed/update/urn%3Ali%3Aactivity%3A7239004424612851712,"Albert Afari Thank you"
2024-09-10 07:23:01,https://www.linkedin.com/feed/update/urn%3Ali%3Aactivity%3A7239004424612851712,Bukari Samari Nafisah Thank you Bukari Samari Nafisah
2024-09-09 20:40:17,https://www.linkedin.com/feed/update/urn%3Ali%3Aactivity%3A7238996156322574336,"So sad!"
2024-09-09 10:37:18,https://www.linkedin.com/feed/update/urn%3Ali%3Aactivity%3A7238843288802254849,Kudos to you
2024-09-08 22:25:33,https://www.linkedin.com/feed/update/urn%3Ali%3Aactivity%3A7238427404119998464,Well deserved!
2024-09-06 11:53:16,https://www.linkedin.com/feed/update/urn%3Ali%3Aactivity%3A7237765324555608064,Happy for you!
2024-09-05 10:21:40,https://www.linkedin.com/feed/update/urn%3Ali%3AugcPost%3A7237218451411337217,Congrats
2024-09-05 10:15:50,https://www.linkedin.com/feed/update/urn%3Ali%3AugcPost%3A7237216165427580928,Congrats Prince
2024-09-04 16:10:34,https://www.linkedin.com/feed/update/urn%3Ali%3AugcPost%3A7237114901129756672,Congrats Sandra
2024-09-03 15:06:50,https://www.linkedin.com/feed/update/urn%3Ali%3AugcPost%3A7236497551464546305,"Great work 
Keep it up"
2024-09-03 14:55:09,https://www.linkedin.com/feed/update/urn%3Ali%3Aactivity%3A7236737662064242688,"Congrats"
2024-09-03 14:53:56,https://www.linkedin.com/feed/update/urn%3Ali%3AugcPost%3A7236678214717198336,Congrats Isaac
2024-09-03 14:51:21,https://www.linkedin.com/feed/update/urn%3Ali%3Aactivity%3A7236501774340128768,"Invest in yourself!"
2024-09-01 17:33:30,https://www.linkedin.com/feed/update/urn%3Ali%3AugcPost%3A7232561882321035264,Congrats Dennis Ofori
2024-09-01 15:22:28,https://www.linkedin.com/feed/update/urn%3Ali%3Aactivity%3A7232527134773121025,Great advice! Betty Bernasco
2024-09-01 15:19:50,https://www.linkedin.com/feed/update/urn%3Ali%3AugcPost%3A7235846682523963393,Thanks for sharing
2024-09-01 15:10:51,https://www.linkedin.com/feed/update/urn%3Ali%3Aactivity%3A7235411262241734656,Kudos to you
2024-09-01 05:19:09,https://www.linkedin.com/feed/update/urn%3Ali%3AugcPost%3A7235782741806481408,Well done!
2024-08-30 17:37:11,https://www.linkedin.com/feed/update/urn%3Ali%3Aactivity%3A7234287712378187776,Keep shining!
2024-08-26 12:39:47,https://www.linkedin.com/feed/update/urn%3Ali%3Aactivity%3A7233815060060459008,Great advice!
2024-08-23 22:22:15,https://www.linkedin.com/feed/update/urn%3Ali%3Aactivity%3A7231707897020227584,Well deserved!
2024-08-23 22:12:53,https://www.linkedin.com/feed/update/urn%3Ali%3AugcPost%3A7232734829887279104,Congratulations
2024-08-23 22:11:54,https://www.linkedin.com/feed/update/urn%3Ali%3AugcPost%3A7232825178815127554,Congratulations
2024-08-23 22:11:37,https://www.linkedin.com/feed/update/urn%3Ali%3Aactivity%3A7231084586854744064,"Interesting"
2024-08-21 17:15:44,https://www.linkedin.com/feed/update/urn%3Ali%3Aactivity%3A7232028482560479234,Congratulations! Sakina Abass
2024-08-20 16:56:19,https://www.linkedin.com/feed/update/urn%3Ali%3Aactivity%3A7231326486094336000,Thanks for sharing
2024-08-20 16:37:08,https://www.linkedin.com/feed/update/urn%3Ali%3Aactivity%3A7231661483548405760,Congratulations!
2024-08-20 12:54:36,https://www.linkedin.com/feed/update/urn%3Ali%3Aactivity%3A7231644483287670784,Insightful!
2024-08-19 22:30:01,https://www.linkedin.com/feed/update/urn%3Ali%3AugcPost%3A7229066672756736000,Congrats BERNARD
2024-08-15 22:19:10,https://www.linkedin.com/feed/update/urn%3Ali%3AugcPost%3A7228860257098186753,Congrats Raphael
2024-08-14 08:01:38,https://www.linkedin.com/feed/update/urn%3Ali%3Aactivity%3A7229307995040493568,Kudos to you
2024-08-09 12:22:55,https://www.linkedin.com/feed/update/urn%3Ali%3Aactivity%3A7227647788434497539,Wishing you the best
2024-08-09 12:20:32,https://www.linkedin.com/feed/update/urn%3Ali%3Aactivity%3A7227607711977283584,I agree!
2024-08-08 23:35:54,https://www.linkedin.com/feed/update/urn%3Ali%3AugcPost%3A7224458566303117313,Congrats
2024-08-08 17:36:20,https://www.linkedin.com/feed/update/urn%3Ali%3AugcPost%3A7227014675673010176,Excellent work Joyce Ankomah
2024-08-08 17:33:50,https://www.linkedin.com/feed/update/urn%3Ali%3Aactivity%3A7227239609124945920,Kudos to you Khol Peter Phar Chuol
2024-08-08 17:32:58,https://www.linkedin.com/feed/update/urn%3Ali%3AugcPost%3A7227303138179903488,Inspiring!
2024-08-08 17:32:42,https://www.linkedin.com/feed/update/urn%3Ali%3Aactivity%3A7227308424764518401,So exciting! Vida Dabasimah Anaba
2024-08-06 19:49:14,https://www.linkedin.com/feed/update/urn%3Ali%3Aactivity%3A7224464849022443521,Well deserved! Priscilla Nyarkoa Yeboah
2024-08-05 19:55:10,https://www.linkedin.com/feed/update/urn%3Ali%3AugcPost%3A7226314427782815745,Happy for you!
2024-08-04 22:23:18,https://www.linkedin.com/feed/update/urn%3Ali%3AugcPost%3A7225900468948934656,Keep it up! Mr. President
2024-08-04 21:14:09,https://www.linkedin.com/feed/update/urn%3Ali%3Aactivity%3A7225953412373184512,Kudos to you
2024-08-02 17:30:51,https://www.linkedin.com/feed/update/urn%3Ali%3AugcPost%3A7225155160279277569,Congrats Christian
2024-08-02 17:30:25,https://www.linkedin.com/feed/update/urn%3Ali%3Aactivity%3A7225166555058204672,"Excellent work Madam Janet Essuon-Sepah, MBA, BA."
2024-08-02 14:34:56,https://www.linkedin.com/feed/update/urn%3Ali%3AugcPost%3A7225114374099656704,Impressive
2024-08-02 11:33:42,https://www.linkedin.com/feed/update/urn%3Ali%3Aactivity%3A7225087747722473474,What an achievement! Priscilla Nyarkoa Yeboah
2024-08-02 11:33:05,https://www.linkedin.com/feed/update/urn%3Ali%3AugcPost%3A7225098243737616385,Congratulations Sandra Afriyie Adu
2024-08-02 10:00:07,https://www.linkedin.com/feed/update/urn%3Ali%3Aactivity%3A7225075514749644801,Looks great!
2024-08-01 23:19:25,https://www.linkedin.com/feed/update/urn%3Ali%3Aactivity%3A7224911901351161856,Please I need a company to do an internship as a data analyst. Kindly help me.
2024-08-01 22:12:35,https://www.linkedin.com/feed/update/urn%3Ali%3AugcPost%3A7224851264826744834,Congratulations! Gloria Appau
2024-08-01 18:29:41,https://www.linkedin.com/feed/update/urn%3Ali%3AugcPost%3A7224836978033197057,Congrats Fredrick
2024-08-01 18:24:40,https://www.linkedin.com/feed/update/urn%3Ali%3AugcPost%3A7224432692157677570,Exciting times!
2024-08-01 18:17:50,https://www.linkedin.com/feed/update/urn%3Ali%3AugcPost%3A7224468175604617216,Wishing you the best Hadizat Ahmed
2024-08-01 18:17:29,https://www.linkedin.com/feed/update/urn%3Ali%3Aactivity%3A7224708176661598208,"Happy New Month Janet Essuon-Sepah, MBA, BA. Be Blessed Madam."
2024-08-01 18:15:43,https://www.linkedin.com/feed/update/urn%3Ali%3Aactivity%3A7224756939065303040,When is the next cohort commencing?
2024-08-01 18:13:33,https://www.linkedin.com/feed/update/urn%3Ali%3AugcPost%3A7224806214784741376,Happy New Month everyone 🎉
2024-08-01 18:11:37,https://www.linkedin.com/feed/update/urn%3Ali%3Aactivity%3A7224779606711570433,Congrats! Agbeko Emmanuel
2024-07-31 21:12:47,https://www.linkedin.com/feed/update/urn%3Ali%3Aactivity%3A7224500719599407104,Kudos to you
2024-07-31 14:17:15,https://www.linkedin.com/feed/update/urn%3Ali%3AugcPost%3A7224380110705934337,Congrats Mavis
2024-07-30 07:15:09,https://www.linkedin.com/feed/update/urn%3Ali%3Aactivity%3A7223945897183789056,Thanks for sharing Ms. Offei Asante Bernnita
2024-07-29 21:43:58,https://www.linkedin.com/feed/update/urn%3Ali%3Aactivity%3A7223629195250171904,Kudos to you Gideon Darko
2024-07-29 21:43:30,https://www.linkedin.com/feed/update/urn%3Ali%3AugcPost%3A7223575496616280064,🇬🇭🇬🇭🇬🇭
2024-07-29 21:42:16,https://www.linkedin.com/feed/update/urn%3Ali%3AugcPost%3A7223743965303345153,Amazing progress!
2024-07-29 21:41:42,https://www.linkedin.com/feed/update/urn%3Ali%3Aactivity%3A7223802069919383552,"Keep motivating Janet Essuon-Sepah, MBA, BA."
2024-07-28 21:14:38,https://www.linkedin.com/feed/update/urn%3Ali%3AugcPost%3A7223412805138321408,Keep soaring
2024-07-28 21:14:28,https://www.linkedin.com/feed/update/urn%3Ali%3AugcPost%3A7207287678315184128,"Janet Essuon-Sepah, MBA, BA. Thank you 😊"
2024-07-28 10:48:55,https://www.linkedin.com/feed/update/urn%3Ali%3AugcPost%3A7223253714139021312,Congrats Christopher
2024-07-27 11:18:36,https://www.linkedin.com/feed/update/urn%3Ali%3AugcPost%3A7222920488371523584,Thank you
2024-07-26 16:48:30,https://www.linkedin.com/feed/update/urn%3Ali%3Aactivity%3A7222609288052047872,Worth attending
2024-07-26 13:43:31,https://www.linkedin.com/feed/update/urn%3Ali%3AugcPost%3A7219750832500572161,Congrats!
2024-07-26 13:43:03,https://www.linkedin.com/feed/update/urn%3Ali%3AugcPost%3A7218774676724977665,Congrats Abraham
2024-07-26 13:42:52,https://www.linkedin.com/feed/update/urn%3Ali%3AugcPost%3A7219354579023396864,Congrats 🎊
2024-07-26 13:42:32,https://www.linkedin.com/feed/update/urn%3Ali%3AugcPost%3A7221837994108866562,Kudos Adanse Japheth
2024-07-26 13:25:52,https://www.linkedin.com/feed/update/urn%3Ali%3Aactivity%3A7222458132973641728,Great perspective!
2024-07-25 23:35:01,https://www.linkedin.com/feed/update/urn%3Ali%3Aactivity%3A7221916748625657859,Thanks
2024-07-25 19:20:19,https://www.linkedin.com/feed/update/urn%3Ali%3AugcPost%3A7222180153903263744,Congrats Evans
2024-07-25 19:20:05,https://www.linkedin.com/feed/update/urn%3Ali%3AugcPost%3A7221384007253393408,Great work
2024-07-25 09:45:19,https://www.linkedin.com/feed/update/urn%3Ali%3AugcPost%3A7221964524449353728,Very informative
2024-07-25 09:44:16,https://www.linkedin.com/feed/update/urn%3Ali%3Aactivity%3A7222170421930934272,"Useful tips Janet Essuon-Sepah, MBA, BA."
2024-07-25 09:42:54,https://www.linkedin.com/feed/update/urn%3Ali%3Aactivity%3A7222131911014400000,Keep shining!
2024-07-24 18:09:26,https://www.linkedin.com/feed/update/urn%3Ali%3Aactivity%3A7221935055659552768,Kudos Gabriel Yonmearu
2024-07-24 18:06:49,https://www.linkedin.com/feed/update/urn%3Ali%3Aactivity%3A7221937223737180160,Kudos to you
2024-07-23 13:41:46,https://www.linkedin.com/feed/update/urn%3Ali%3AugcPost%3A7221499218773905408,"Kudos Our Preseident"
2024-07-22 17:44:15,https://www.linkedin.com/feed/update/urn%3Ali%3Aactivity%3A7221054135435960321,Congratulations 🎉
2024-07-22 17:40:51,https://www.linkedin.com/feed/update/urn%3Ali%3Aactivity%3A7221136542252056576,Kudos to you
2024-07-22 11:04:04,https://www.linkedin.com/feed/update/urn%3Ali%3Aactivity%3A7221104033141256192,I agree!
2024-07-20 17:14:56,https://www.linkedin.com/feed/update/urn%3Ali%3AugcPost%3A7220464457016066050,Exciting!
2024-07-20 14:26:55,https://www.linkedin.com/feed/update/urn%3Ali%3Aactivity%3A7217226187901681664,Interesting event
2024-07-20 14:25:45,https://www.linkedin.com/feed/update/urn%3Ali%3Aactivity%3A7220109580352024577,Amazing
2024-07-20 14:23:42,https://www.linkedin.com/feed/update/urn%3Ali%3AugcPost%3A7217967892795953152,Keep it up Steve Springer Laryea
2024-07-20 14:13:31,https://www.linkedin.com/feed/update/urn%3Ali%3AugcPost%3A7220414465740079104,Keep it up
2024-07-20 13:22:22,https://www.linkedin.com/feed/update/urn%3Ali%3AugcPost%3A7220166920795271169,Amazing
2024-07-20 13:20:54,https://www.linkedin.com/feed/update/urn%3Ali%3AugcPost%3A7220222257636220929,Keep it up
2024-07-20 13:19:15,https://www.linkedin.com/feed/update/urn%3Ali%3Aactivity%3A7220220317330276353,Well deserved!
2024-07-20 13:18:33,https://www.linkedin.com/feed/update/urn%3Ali%3AugcPost%3A7220241881710952448,Very informative
2024-07-20 13:18:07,https://www.linkedin.com/feed/update/urn%3Ali%3Aactivity%3A7220339983767764993,Keep motivating
2024-07-20 13:17:50,https://www.linkedin.com/feed/update/urn%3Ali%3Aactivity%3A7220312521042210816,Very helpful
2024-07-20 13:15:10,https://www.linkedin.com/feed/update/urn%3Ali%3AugcPost%3A7220374950048612352,Congratulations
2024-07-20 13:07:35,https://www.linkedin.com/feed/update/urn%3Ali%3Aactivity%3A7216940381374996480,Amazing progress
2024-07-20 13:06:47,https://www.linkedin.com/feed/update/urn%3Ali%3AugcPost%3A7220199735012335616,Worth attending
2024-07-20 13:05:56,https://www.linkedin.com/feed/update/urn%3Ali%3AugcPost%3A7216907523717533699,I’ll choose Ghana 🇬🇭
2024-07-19 17:07:37,https://www.linkedin.com/feed/update/urn%3Ali%3AugcPost%3A7220069798490030081,Interesting event
2024-07-19 11:13:09,https://www.linkedin.com/feed/update/urn%3Ali%3AugcPost%3A7219946010129666048,Thanks for sharing Nadia Bekoe
2024-07-18 16:03:17,https://www.linkedin.com/feed/update/urn%3Ali%3Aactivity%3A7219604396349820929,Indeed AI has come to stay. All we have to do is make good use of it. Thank you
2024-07-17 22:11:51,https://www.linkedin.com/feed/update/urn%3Ali%3Aactivity%3A7219410283650310146,"Janet Essuon-Sepah, MBA, BA. Together we can💪"
2024-07-17 21:54:34,https://www.linkedin.com/feed/update/urn%3Ali%3Aactivity%3A7219410283650310146,"Go All out👍 Thank you Janet Essuon-Sepah, MBA, BA."
2024-07-17 08:39:23,https://www.linkedin.com/feed/update/urn%3Ali%3Aactivity%3A7219236584288641025,Kudos to you
2024-07-17 08:38:41,https://www.linkedin.com/feed/update/urn%3Ali%3AugcPost%3A7218578781609889794,Congrats Joycelyn
2024-07-17 08:22:20,https://www.linkedin.com/feed/update/urn%3Ali%3Aactivity%3A7219162854464135168,Happy Birthday Vida Dabasimah Anaba
2024-07-16 18:14:37,https://www.linkedin.com/feed/update/urn%3Ali%3Aactivity%3A7219030819397353473,"Love this Janet Essuon-Sepah, MBA, BA."
2024-07-16 16:55:16,https://www.linkedin.com/feed/update/urn%3Ali%3Aactivity%3A7219018989237075968,Congratulations!
2024-07-16 15:04:58,https://www.linkedin.com/feed/update/urn%3Ali%3AugcPost%3A7218943878102433792,Stephen Twumasi You’re welcome.
2024-07-16 15:04:00,https://www.linkedin.com/feed/update/urn%3Ali%3AugcPost%3A7218949484532137984,Congrats
2024-07-16 15:00:52,https://www.linkedin.com/feed/update/urn%3Ali%3Aactivity%3A7218931708564295680,"Thank you Janet Essuon-Sepah, MBA, BA."
2024-07-16 14:59:57,https://www.linkedin.com/feed/update/urn%3Ali%3AugcPost%3A7218943878102433792,Congrats Stephen
2024-07-15 22:16:15,https://www.linkedin.com/feed/update/urn%3Ali%3AugcPost%3A7218397540587630592,Keep growing!
2024-07-15 22:15:48,https://www.linkedin.com/feed/update/urn%3Ali%3AugcPost%3A7218702474684080128,Kudos to you
2024-07-15 18:00:38,https://www.linkedin.com/feed/update/urn%3Ali%3AugcPost%3A7218396818122969089,Best of luck 🤞
2024-07-15 17:58:00,https://www.linkedin.com/feed/update/urn%3Ali%3Aactivity%3A7218541247936753664,Amazing!
2024-07-15 17:51:43,https://www.linkedin.com/feed/update/urn%3Ali%3AugcPost%3A7218622780253077504,So happy for you!🎉
2024-07-15 17:47:57,https://www.linkedin.com/feed/update/urn%3Ali%3Aactivity%3A7218509612109504512,Keep going!
2024-07-15 17:44:19,https://www.linkedin.com/feed/update/urn%3Ali%3AugcPost%3A7218243391866753024,Great to hear
2024-07-15 17:43:23,https://www.linkedin.com/feed/update/urn%3Ali%3Aactivity%3A7218661302645256193,Financial stability
2024-07-15 13:35:13,https://www.linkedin.com/feed/update/urn%3Ali%3AgroupPost%3A44008-7218594900055887873,Useful tips
2024-07-15 07:49:00,https://www.linkedin.com/feed/update/urn%3Ali%3AugcPost%3A7218494673126891520,Congrats Nadia
2024-07-14 20:42:47,https://www.linkedin.com/feed/update/urn%3Ali%3Aactivity%3A7218230490141511680,Well done!
2024-07-13 15:14:56,https://www.linkedin.com/feed/update/urn%3Ali%3AugcPost%3A7217895812838674432,Congrats Christian
2024-07-13 07:44:29,https://www.linkedin.com/feed/update/urn%3Ali%3AugcPost%3A7216117472968540160,Awesome work!
2024-07-13 06:51:01,https://www.linkedin.com/feed/update/urn%3Ali%3AugcPost%3A7216181327803412480,Congratulations!
2024-07-13 06:48:46,https://www.linkedin.com/feed/update/urn%3Ali%3Aactivity%3A7217740815685533696,Best of luck!
2024-07-13 06:46:10,https://www.linkedin.com/feed/update/urn%3Ali%3AugcPost%3A7216724241138778113,Useful tips. Thank you for sharing.
2024-07-12 20:48:32,https://www.linkedin.com/feed/update/urn%3Ali%3Aactivity%3A7217452922056400896,Great to hear
2024-07-12 20:46:00,https://www.linkedin.com/feed/update/urn%3Ali%3AugcPost%3A7215434682509787136,Keep going!
2024-07-12 20:42:27,https://www.linkedin.com/feed/update/urn%3Ali%3AugcPost%3A7216395132990832640,Keep it up guys
2024-07-12 20:38:56,https://www.linkedin.com/feed/update/urn%3Ali%3Aactivity%3A7217267593018015745,Very encouraging!
2024-07-12 08:49:41,https://www.linkedin.com/feed/update/urn%3Ali%3Aactivity%3A7217069226161807360,Congratulations!
2024-07-10 12:05:00,https://www.linkedin.com/feed/update/urn%3Ali%3Aactivity%3A7216759154592391173,Great work Paul
2024-07-03 14:25:12,https://www.linkedin.com/feed/update/urn%3Ali%3AugcPost%3A7214186613000597504,Well done!🎉
2024-07-01 07:52:10,https://www.linkedin.com/feed/update/urn%3Ali%3AugcPost%3A7213415501421514752,Wishing you the best!
2024-06-30 17:24:09,https://www.linkedin.com/feed/update/urn%3Ali%3AugcPost%3A7213222382272974848,Congrats Joshua
2024-06-28 10:11:31,https://www.linkedin.com/feed/update/urn%3Ali%3Aactivity%3A7212388076575178752,Great advice!
2024-06-22 16:41:42,https://www.linkedin.com/feed/update/urn%3Ali%3Aactivity%3A7210246046692618240,Congrats!🎉
2024-06-22 14:14:28,https://www.linkedin.com/feed/update/urn%3Ali%3Aactivity%3A7207134926490501120,Congrats!
2024-06-22 13:56:42,https://www.linkedin.com/feed/update/urn%3Ali%3AugcPost%3A7210264288853139457,Kudos to you!!!🎉
2024-06-21 11:32:37,https://www.linkedin.com/feed/update/urn%3Ali%3AugcPost%3A7205891540022374400,Congrats Daniel
2024-06-20 14:28:45,https://www.linkedin.com/feed/update/urn%3Ali%3Aactivity%3A7209415639101300737,Congratulations bro🎉❤️
2024-06-12 16:06:28,https://www.linkedin.com/feed/update/urn%3Ali%3AugcPost%3A7206688040474353664,Way to go!
2024-06-11 10:38:40,https://www.linkedin.com/feed/update/urn%3Ali%3AugcPost%3A7204955440235839488,Well deserved!
